H-3	notes/r8a-90-doc-conflict-rulings.md	2112	**R8C**	| H-3 | **R8C** | `hermes_cli/web_server.py:12320`(`approve_pairing` 路由) | 本轮已读该路由本体并定案 ■-8(与 CLI 的锁定报告不一致);**未查的是它的鉴权层**——`/api/pairing/approve` 由哪一层保证只有已认证管理员可调,需在 R8C 全文精读时确证 |
H-4	notes/r8a-90-doc-conflict-rulings.md	2113	**R8D**	| H-4 | **R8D** | `hermes_cli/managed_scope.py` | 本轮从 `config.py:3396` 与 `cli.py:624` 两侧读到它,但**没读本体**;managed 层的叶级合并实现与失败姿态未取证 |
H-6	notes/r8a-90-doc-conflict-rulings.md	2115	**R11 复盘**	| H-6 | **R11 复盘** | 本卷 ◇-1 | 105 个零文档键的**清单已在 `data/r8a-config-keys.tsv`**,但未逐条判断"该不该文档化";R11 对表时可直接消费该列 |
H-9	notes/r8a-90-doc-conflict-rulings.md	2116	**R8D**	| H-9 | **R8D** | `hermes_cli/config.py:4453`(Skill 设置段不脱敏)/ `agent/skill_utils.py:701`(声明 schema 无敏感标记) | 第三方 skill 若声明形如 `api.token` 的配置项,`hermes config` 会明文打印——本基线自带 skill 无人声明该字段,故仅为隐患;修法是给声明 schema 补 `password` 标记,或让该段统一走 `redact_config_value` |
H-7	notes/r8a-90-doc-conflict-rulings.md	2117	**R8B / R8D**	| H-7 | **R8B / R8D** | `hermes_cli/config.py:3065`(`require_readable_config_before_write`) | 该守卫只检查文件**可读**不检查**可解析**;`set/unset_config_value` 各自补了解析检查(见 §3.5),但**是否存在第三个调用方直接 `read_raw_config()` 后落盘**本轮未穷举——若有,坏 YAML 会被静默截断 |
H-12	notes/r8a-90-doc-conflict-rulings.md	2120	**R8D**	| H-12 | **R8D** | `hermes_cli/skills_config.py`(CLI 侧吃 `load_config()`)vs `agent/skill_utils.py:401`(运行时侧读裸 YAML) | skill 禁用名单两份实现,且**配置来源不同**——managed 层钉的 `skills.disabled` 疑似只对菜单生效,对运行时无效。子代理标为存疑,主线未取证,R8D 读 skill 子系统时一并确证 |
H-15	notes/r8a-90-doc-conflict-rulings.md	2123	**R8D**	| H-15 | **R8D** | `hermes_cli/skills_config.py:78`(`skip_disabled=True` 的形参)与其 docstring | 子代理报"docstring 与 `skip_disabled` 语义相反",**主线未确证,不记 ■**。若参数真是"过滤掉已禁用的",则已禁用的技能不会出现在勾选界面 → **无法重新启用**。R8D 读 skill 子系统时跑一次真实菜单即可定案 |
H-18	notes/r8a-90-doc-conflict-rulings.md	2126	**R11 复盘 / 任何一轮的空档**	| H-18 | **R11 复盘 / 任何一轮的空档** | 11 份 workflow 底稿的「可疑缺陷清单」小节(`notes/r8a-raw-config-a.md:1525` 起、`notes/r8a-raw-config-b.md:1227` 起、`raw-config-c.md`、`raw-tools-config-b/c.md`、`raw-commands.md`、`raw-defaults-a/b.md`、`raw-mcp-moa-config.md`) | **本轮定稿时统计:这 11 份底稿的清单里合计约 104 条候选条目,主线逐条挖过的约占一半;剩下约 50 条未逐条复核**(多为重复、风格类或已被其他条覆盖,但**没有逐条确认过**)。本轮已从中补挖出 ▲-10 与 ■-50…■-55 六条,说明残余里仍有真货。**不谎报覆盖**:这是本轮已知的、有明确锚点的最
H-R9D-B-a	notes/r9d-raw-file-io-safety.md	1705	`tools/file_operations.py:1782`:`diff = self._unified_diff(content, new_content, path)`	| H-R9D-B-a | `tools/file_operations.py:1782`:`diff = self._unified_diff(content, new_content, path)` | `patch` 无读禁、无脱敏,返回的 unified diff 把 `auth.json` / 项目 `.env` 的明文密钥原样交给模型(实跑复现,见 ■-3) | 下一轮安全面复核 |
H-R9D-B-b	notes/r9d-raw-file-io-safety.md	1706	`agent/file_safety.py:284`:`os.path.join("cache", "bws_cache.json"),`	| H-R9D-B-b | `agent/file_safety.py:284`:`os.path.join("cache", "bws_cache.json"),` | 同类的 `cache/op_cache.json`(1Password 明文值)不在任何守卫表里,且因此可被 skill 声明式挂进沙箱(实跑复现,见 ■-2) | 与 R9C D 片 ■-1 合并结案 |
H-R9D-B-c	notes/r9d-raw-file-io-safety.md	1707	`agent/file_safety.py:50`:`str(hermes_home / "cache" / "bws_cache.enc.json"),`	| H-R9D-B-c | `agent/file_safety.py:50`:`str(hermes_home / "cache" / "bws_cache.enc.json"),` | 写禁清单里没有 `auth.json`,`write_file` 可整体覆盖主凭据库;而 `website/docs/user-guide/security.md` 的 “Protected paths (always blocked)” 表把它列为永远拦截(▲-1,文档侧锚点见第 4 节 ▲-1) | 下一轮文档-代码冲突汇总 |
H-R9D-B-d	notes/r9d-raw-file-io-safety.md	1708	`tools/file_operations.py:1071`:`"trap 'rm -f \\\"$tmp\\\"' EXIT; "`	| H-R9D-B-d | `tools/file_operations.py:1071`:`"trap 'rm -f \\\"$tmp\\\"' EXIT; "` | 单引号内的 `\"` 是字面量,trap 触发时 `rm` 删的是一个名字带引号的路径,临时文件从不被清理(最小 bash 复现见 ■-4) | 可与 ■-5 合并 |
H-R9D-B-e	notes/r9d-raw-file-io-safety.md	1709	`tools/file_operations.py:1612`:`if hash_result.exit_code == 0 and hash_result.stdout.strip():`	| H-R9D-B-e | `tools/file_operations.py:1612`:`if hash_result.exit_code == 0 and hash_result.stdout.strip():` | sha256 写后校验"验证不了"与"验证通过"输出相同,于是 `write_file` 指向已存在目录时报成功、内容落进目录里的隐藏 `.hermes-tmp.*`(实跑复现,见 ■-5) | 下一轮写路径复核 |
H-R9D-B-f	notes/r9d-raw-file-io-safety.md	1710	`tools/file_operations.py:1227`:`truncated = total_lines > end_line`	| H-R9D-B-f | `tools/file_operations.py:1227`:`truncated = total_lines > end_line` | `total_lines` 来自 `wc -l`(数换行符),无尾换行文件少 1,于是边界情形下末行被静默丢弃且 `truncated=False`(实跑复现,见 ■-7) | 下一轮读路径复核 |
H-R9D-B-g	notes/r9d-raw-file-io-safety.md	1711	`tools/file_tools.py:374`:`container_paths = _uses_container_paths(task_id)`	| H-R9D-B-g | `tools/file_tools.py:374`:`container_paths = _uses_container_paths(task_id)` | 容器后端不做 `resolve()` 而读禁判定在宿主 `resolve()`,推定容器内软链可绕过读禁 —— **未取证**,需要 Docker 环境 | 有容器环境的轮次 |
H-R9D-B-h	notes/r9d-raw-file-io-safety.md	1712	`tools/file_operations.py:52`:`WRITE_DENIED_PATHS = build_write_denied_paths(_HOME)`	| H-R9D-B-h | `tools/file_operations.py:52`:`WRITE_DENIED_PATHS = build_write_denied_paths(_HOME)` | 模块级写禁快照零消费者,且 `_HOME` 在 import 时求值、不认 HERMES_HOME/profile(全仓搜索见 ◇-2) | 清理面轮次 |
H-R9D-F-a	notes/r9d-raw-gateway-clarify-turn-misc.md	1990	`toolsets.py:94`:`    "clarify",`	| H-R9D-F-a | `toolsets.py:94`:`    "clarify",` | webhook 的「安全子集」含 `clarify`,而 `gateway/platforms/webhook.py:378` 的 `if deliver_type == "log":` 分支只写日志就报 success,agent 会为一个没人能答的问题阻塞到 `agent.clarify_timeout`(默认 3600s);需真起一次 webhook 回合确认 `ctx._status_adapter` 非空 | R10 网关片 |
H-R9D-F-b	notes/r9d-raw-gateway-clarify-turn-misc.md	1991	`agent/think_scrubber.py:89`:`    _OPEN_TAGS: Tuple[str, ...] = tuple(f"<{name}>" for name in _OPEN_TAG_NAMES)`	| H-R9D-F-b | `agent/think_scrubber.py:89`:`    _OPEN_TAGS: Tuple[str, ...] = tuple(f"<{name}>" for name in _OPEN_TAG_NAMES)` | 字面量标签集不认 `<think type="x">`,推理内容随流式增量原样送达用户;而 `agent/agent_runtime_helpers.py:79` 的未闭合正则用 `\b[^>]*>` 接受属性、会把整条回复吃空——同一输入两条路径结果相反 | R10 隐私/输出片 |
H-R9D-F-c	notes/r9d-raw-gateway-clarify-turn-misc.md	1992	`agent/replay_cleanup.py:304`:`            ts = msg.get("timestamp")`	| H-R9D-F-c | `agent/replay_cleanup.py:304`:`            ts = msg.get("timestamp")` | 高危确认语过期保护对**不带 `timestamp`** 的历史消息完全不生效;该字段由持久化层写入,需在会话存储片确认哪些恢复路径带时间戳 | R10 状态/持久化片 |
H-R9D-F-d	notes/r9d-raw-gateway-clarify-turn-misc.md	1993	`agent/replay_cleanup.py:37`:`    if "exit_code" in lowered and ("130" in lowered or "-1" in lowered):`	| H-R9D-F-d | `agent/replay_cleanup.py:37`:`    if "exit_code" in lowered and ("130" in lowered or "-1" in lowered):` | `"-1"` 子串会命中 `2026-1-5` 这类日期,一次成功的 `read_file` 结果因内容含 `[command interrupted]` 被整块从回放历史删除(实跑复现);判定依赖的 `tool_may_have_side_effect` 在 `agent/tool_result_classification.py`,本片未读 | R10 工具分类片 |
H-R9D-F-e	notes/r9d-raw-gateway-clarify-turn-misc.md	1994	`agent/process_bootstrap.py:1`:`"""Process-level bootstrap helpers for ``run_agent``.`	| H-R9D-F-e | `agent/process_bootstrap.py:1`:`"""Process-level bootstrap helpers for ``run_agent``.` | 本模块**不 spawn 子进程、不构造子进程环境**(文件内 `subprocess\|Popen\|os\.exec\|fork\|spawn\|env=\|environ\[` 零命中),「凭据是否继承给子进程」这个问题需要去找真正 spawn 的模块(`tools/code_execution_tool.py`、`tools/terminal_tool.py`、`agent/environments/*`) | R10/R11 执行环境片 |
H-R9D-F-f	notes/r9d-raw-gateway-clarify-turn-misc.md	1995	`tools/managed_tool_gateway.py:298`:`    return bool(actual.scheme) and (actual.scheme, actual.netloc) == (expected.scheme, expected.netloc)`	| H-R9D-F-f | `tools/managed_tool_gateway.py:298`:`    return bool(actual.scheme) and (actual.scheme, actual.netloc) == (expected.scheme, expected.netloc)` | 用 `netloc`(保留大小写)而非 `hostname`(小写化)比对,`https://TOOL-GATEWAY.…` 被判非托管、bearer 不发;当前所有调用方都自拼 URL 故不可达,若将来有调用方使用网关返回的 URL 即活化 | R11 安全复核 |
H-R9D-F-g	notes/r9d-raw-gateway-clarify-turn-misc.md	1996	`tools/hook_output_spill.py:216`:`        spill_path.write_text(text if text.endswith("\n") else text + "\n", encoding="utf-8")`	| H-R9D-F-g | `tools/hook_output_spill.py:216`:`        spill_path.write_text(text if text.endswith("\n") else text + "\n", encoding="utf-8")` | 任意 hook 注入上下文以 0644 落盘、目录 0755、无任何清理机制;对照 `gateway/shutdown_flush.py:44` 的 `flush_dir.mkdir(parents=True, exist_ok=True, mode=0o700)` | R11 安全复核 |
H-R9D-F-h	notes/r9d-raw-gateway-clarify-turn-misc.md	1997	`tools/debug_helpers.py:47`:`        self.log_dir = get_hermes_home() / "logs"`	| H-R9D-F-h | `tools/debug_helpers.py:47`:`        self.log_dir = get_hermes_home() / "logs"` | 在模块 import 时定格 profile 感知的 `get_hermes_home()`,多 profile 网关下三个工具的调试日志会写进 import 时那个 profile;对照同一函数在 `tools/hook_output_spill.py:122` 是落盘时调用 | R11 多 profile 片 |
H-R9D-C-a	notes/r9d-raw-kanban-todo-cron.md	1582	主线本轮复核	| **H-R9D-C-a** | 主线本轮复核 | `cron/scheduler.py:2288`:`# choice explicit here keeps the allowed surface small and auditable.` —— `no_agent` 脚本执行路径上 `cron/*.py` 里零个审批调用,`approvals.cron_mode: deny` 对它无效;模型写脚本进 `~/.hermes/scripts/` 也无 gate(实跑复现,见 §4 ■5) | 待主线复核 |
H-R9D-C-b	notes/r9d-raw-kanban-todo-cron.md	1583	主线本轮复核	| **H-R9D-C-b** | 主线本轮复核 | `tools/kanban_tools.py:1510`:`"""Add a parent→child dependency edge after the fact."""` —— `_handle_link` 缺 `_enforce_worker_task_ownership`,worker 实测可把外国租户的 `ready` 卡降级为 `todo` 并继承其通知订阅(见 §4 ■2、▲1) | 待主线复核 |
H-R9D-C-c	notes/r9d-raw-kanban-todo-cron.md	1584	主线本轮复核	| **H-R9D-C-c** | 主线本轮复核 | `agent/kanban_stop.py:62`:`name = str(msg.get("name") or "")` —— 只看终态工具**调用过**不看**成功过**,一次被判官驳回的 `kanban_complete` 就永久关掉守卫(见 §4 ■1) | 待主线复核 |
H-R9D-C-d	notes/r9d-raw-kanban-todo-cron.md	1585	R10+	| **H-R9D-C-d** | R10+ | `tools/cronjob_tools.py:1181`:`script=args.get("script"),` —— 同一个 lambda 里 `attach_to_session` 未转发,schema 承诺与行为不一致(见 §4 ■6) | 待处置 |
H-R9D-C-e	notes/r9d-raw-kanban-todo-cron.md	1586	R10+	| **H-R9D-C-e** | R10+ | `agent/kanban_stop.py:34`:`task = (os.environ.get("HERMES_KANBAN_TASK") or "").strip()` —— 全仓唯一只认 env、不认 `is_dispatcher_owned_worker` ContextVar 的看板消费者(见 §4 ■3) | 待处置 |
H-R9D-C-f	notes/r9d-raw-kanban-todo-cron.md	1587	R10+	| **H-R9D-C-f** | R10+ | `tools/todo_tool.py:199`:`item_id = str(item.get("id", "")).strip() or "?"` —— 多条缺 id 的待办折叠成一条,静默丢计划(见 §4 ■4) | 待处置 |
H-R9D-A-a	notes/r9d-raw-lsp.md	1889	`agent/lsp/manager.py:313`:`t = max(8.0, self._wait_timeout + 3.0)`	| H-R9D-A-a | `agent/lsp/manager.py:313`:`t = max(8.0, self._wait_timeout + 3.0)` | 外层预算不随 `wait_mode` 走,`full` 模式下 8s < 内层 10s,基线快照必超时并把 `(server, root)` 永久标 broken(实跑 P6) | R10 缺陷汇总 |
H-R9D-A-b	notes/r9d-raw-lsp.md	1890	`agent/lsp/client.py:894`:`pull_task = asyncio.create_task(self._pull_document_diagnostics(abs_path))`	| H-R9D-A-b | `agent/lsp/client.py:894`:`pull_task = asyncio.create_task(self._pull_document_diagnostics(abs_path))` | 服务器拒绝 pull 时该循环空转,2s 发 6855 次请求(实跑 P7) | R10 缺陷汇总 |
H-R9D-A-c	notes/r9d-raw-lsp.md	1891	`agent/lsp/manager.py:530`:`client = self._clients.get((srv.server_id, ws))`	| H-R9D-A-c | `agent/lsp/manager.py:530`:`client = self._clients.get((srv.server_id, ws))` | 用 git 根查按逐服务器根建的客户端池,marker 在子目录时必空,基线滚动静默失效(实跑 P8) | R10 缺陷汇总 |
H-R9D-A-d	notes/r9d-raw-lsp.md	1892	`agent/lsp/workspace.py:87`:`_workspace_cache[str(start_path)] = (None, False)`	| H-R9D-A-d | `agent/lsp/workspace.py:87`:`_workspace_cache[str(start_path)] = (None, False)` | 「非 git 目录」被永久负缓存,文档教的 `git init` 在本进程内无效(实跑 P2) | R10 文档冲突定案 |
H-R9D-A-e	notes/r9d-raw-lsp.md	1893	`agent/lsp/cli.py:252`:`recipe = INSTALL_RECIPES.get(server_id)`	| H-R9D-A-e | `agent/lsp/cli.py:252`:`recipe = INSTALL_RECIPES.get(server_id)` | `hermes lsp which` 漏了 `_recipe_pkg_for` 别名映射,与 `status` 对同一服务器给出相反答案(实跑 P5) | R10 缺陷汇总 |
H-R9D-A-f	notes/r9d-raw-lsp.md	1894	`agent/lsp/client.py:278`:`except Exception:`	| H-R9D-A-f | `agent/lsp/client.py:278`:`except Exception:` | 外层取消抛的 `CancelledError` 不被捕获,`_cleanup_process()` 不跑,语言服务器进程泄漏(实跑 P10) | R10 缺陷汇总 |
H-R9D-A-g	notes/r9d-raw-lsp.md	1895	`agent/lsp/servers.py:209`:`ceiling=os.path.dirname(workspace) if workspace else None,`	| H-R9D-A-g | `agent/lsp/servers.py:209`:`ceiling=os.path.dirname(workspace) if workspace else None,` | ceiling 差一层,项目根可以解析到 git 工作树之外(实跑 P1) | R10 缺陷汇总 |
H-R9D-A-h	notes/r9d-raw-lsp.md	1896	`agent/lsp/install.py:238`:`bin_path = try_install("pyright", ctx.install_strategy)`	| H-R9D-A-h | `agent/lsp/install.py:238`:`bin_path = try_install("pyright", ctx.install_strategy)` | 同步 `subprocess.run(timeout=300)` 跑在 LSP 后台事件循环上,而外层只有 8s ——**推定**首次自动安装必然把服务器打成 broken,需要一个假 npm 去实跑证实 | R10 取证 |
H-R9D-D-a	notes/r9d-raw-messaging-platform-tools.md	1651	`tools/send_message_tool.py:2106`:`# NOTE: ``send_message`` is intentionally NOT registered as an agent-callable`	| H-R9D-D-a | `tools/send_message_tool.py:2106`:`# NOTE: ``send_message`` is intentionally NOT registered as an agent-callable` | 该 NOTE 声称模型不能自主外发,但 `cronjob` 的 `deliver` 是模型可写的自由目标字符串,经 `cron/scheduler.py:1177` 的 `_parse_target_ref` 直通同一引擎;需要一轮把 cron 片与本片合起来定案这条绕行是否被别处闸住 | R10(cron 片) |
H-R9D-D-b	notes/r9d-raw-messaging-platform-tools.md	1652	`tools/send_message_tool.py:2042`:`payload = {"content": message[:4000], "msg_type": 0}`	| H-R9D-D-b | `tools/send_message_tool.py:2042`:`payload = {"content": message[:4000], "msg_type": 0}` | QQBot 无插件、无 `max_message_length`,超长消息被静默切断且返回 `success: True`,无 warning | R10 |
H-R9D-D-c	notes/r9d-raw-messaging-platform-tools.md	1653	`tools/discord_tool.py:88`:`url = f"{DISCORD_API_BASE}{path}"`	| H-R9D-D-c | `tools/discord_tool.py:88`:`url = f"{DISCORD_API_BASE}{path}"` | 模型给的 `channel_id`/`message_id` 零格式校验直接拼进 URL;urllib 实测不归一化 `..`;同片 HA 为同一形状专门加了白名单正则(`tools/homeassistant_tool.py:262`) | R10 |
H-R9D-D-d	notes/r9d-raw-messaging-platform-tools.md	1654	`tools/discord_tool.py:108`:`with urllib.request.urlopen(req, timeout=timeout) as resp:`	| H-R9D-D-d | `tools/discord_tool.py:108`:`with urllib.request.urlopen(req, timeout=timeout) as resp:` | 本片唯一"凭据跟着重定向走"的客户端(实跑复现 Authorization 跨 origin 保留);仓库已有 `tools/url_safety.py:841` 的 `create_ssrf_safe_client` 未被使用 | R10 |
H-R9D-D-e	notes/r9d-raw-messaging-platform-tools.md	1655	`tests/tools/test_send_message_tool.py:16`:`_HAS_TELEGRAM = pytest.importorskip("telegram", reason="python-telegram-bot not installed") is not None`	| H-R9D-D-e | `tests/tools/test_send_message_tool.py:16`:`_HAS_TELEGRAM = pytest.importorskip("telegram", reason="python-telegram-bot not installed") is not None` | 47 个用例(含 Slack/Signal/Matrix/WhatsApp 等与 Telegram 无关的)被一个可选依赖整文件跳过,运行器仍显示 ✓;下一轮报测试数时要把它当"已知静默跳过"记账 | 每轮 |
H-R9D-D-f	notes/r9d-raw-messaging-platform-tools.md	1656	`tools/homeassistant_tool.py:345`:`def _check_ha_available() -> bool:`	| H-R9D-D-f | `tools/homeassistant_tool.py:345`:`def _check_ha_available() -> bool:` | 配了 `HASS_TOKEN` 即自动启用(`hermes_cli/tools_config.py:2300`)且无任何逐次审批;审批片若已定案 hermes 的审批只覆盖 terminal/file,需要显式把"物理设备控制无审批"写进结论 | R10(审批片) |
H-R9D-D-g	notes/r9d-raw-messaging-platform-tools.md	1657	`tools/feishu_doc_tool.py:54`:`def _check_feishu():`	| H-R9D-D-g | `tools/feishu_doc_tool.py:54`:`def _check_feishu():` | 可用性探针只查 `lark_oapi` 是否可导入,真实可用条件是 `plugins/platforms/feishu/feishu_comment.py:1058` 注入的线程局部客户端;装了 SDK 的任何会话都会看到 5 个必失败的工具 | R10 |
H-R9D-D-h	notes/r9d-raw-messaging-platform-tools.md	1658	`website/docs/reference/tools-reference.md:242`:`	| H-R9D-D-h | `website/docs/reference/tools-reference.md:242`:`| `discord` | Read and participate in a Discord server. Actions include `search_members`, `fetch_messages`, `send_message`, `react`, `fetch_channel`, `list_channels`, and more. | `DISCORD_BOT_TOKEN` |` | 该行六个动作里三个不存在、一个名字错、一个归错工具;同表 `:250` 的 `discord_admin` 行也列了四项不存在的能力 | R12 装订前 |
H-R9D-E-a	notes/r9d-raw-search-browser-supply.md	1425	`tools/web_tools.py:270`:`    return "firecrawl"  # default (backward compat)`	| H-R9D-E-a | `tools/web_tools.py:270`:`    return "firecrawl"  # default (backward compat)` | 什么都没配时返回硬编码后端名,该名字在注册表里**总能取到对象**,于是把注册表的可用性回落路径整条短路(■-1 的直接机制) | R10 分发器簇 |
H-R9D-E-b	notes/r9d-raw-search-browser-supply.md	1426	`tools/web_tools.py:171` 的 `_LEGACY_WEB_BACKENDS`	| H-R9D-E-b | `tools/web_tools.py:171` 的 `_LEGACY_WEB_BACKENDS` | 集合含 `"xai"`,但其上方注释断言 xai「不是注册的 provider」——`plugins/web/xai/__init__.py:14` 的 `ctx.register_web_search_provider(XAIWebSearchProvider())` 证明它已经是;注释指定的同步动作从未执行 | R10 |
H-R9D-E-c	notes/r9d-raw-search-browser-supply.md	1427	`agent/web_search_registry.py:239`:`gate and the dispatcher silently drops to`	| H-R9D-E-c | `agent/web_search_registry.py:239`:`gate and the dispatcher silently drops to` | 代码自己承认分发器会静默换后端,与同文件 `_resolve` docstring 的「不静默换后端」承诺直接冲突(■-2) | R10 |
H-R9D-E-d	notes/r9d-raw-search-browser-supply.md	1428	`agent/tool_dispatch_helpers.py:584`:`_UNTRUSTED_TOOL_NAMES = frozenset({`	| H-R9D-E-d | `agent/tool_dispatch_helpers.py:584`:`_UNTRUSTED_TOOL_NAMES = frozenset({` | 集合只含 `web_extract` / `web_search`,`x_search` 的第三方内容既不被包装也不被威胁扫描(■-3) | R10 安全簇 |
H-R9D-E-e	notes/r9d-raw-search-browser-supply.md	1429	`tools/browser_tool.py:753`:`    if _cloud_provider_resolved:`	| H-R9D-E-e | `tools/browser_tool.py:753`:`    if _cloud_provider_resolved:` | 进程级缓存无 multiplex 豁免,而同文件 `:1468` 的 `if get_hermes_home_override() is not None:` 有——姐妹站点漏改(■-5) | R10 gateway/多路复用簇 |
H-R9D-E-f	notes/r9d-raw-search-browser-supply.md	1430	`agent/browser_registry.py:113`:`def _resolve(configured: Optional[str]) -> Optional[BrowserProvider]:`	| H-R9D-E-f | `agent/browser_registry.py:113`:`def _resolve(configured: Optional[str]) -> Optional[BrowserProvider]:` | 该函数与 `_LEGACY_PREFERENCE` 只被测试引用,生产选择逻辑在 `tools/browser_tool.py:819` 的 `fallback_provider = BrowserUseProvider()` 里另写了一份(■-4) | R10 |
H-R9D-E-g	notes/r9d-raw-search-browser-supply.md	1431	`website/docs/user-guide/security.md:639` 的 `The blocklist is enforced across`	| H-R9D-E-g | `website/docs/user-guide/security.md:639` 的 `The blocklist is enforced across` | 文档承诺站点黑名单覆盖 `web_search`/`web_extract`,实测 `web_search` 完全不覆盖、`web_extract` 只在 firecrawl 后端下覆盖(▲-1 / ■-6) | R10 文档-代码冲突汇总 |
H-R10C-a	notes/r10-raw-acp-adapter.md	1789	`acp_adapter/permissions.py:26`:`    "deny_always": "deny",`	| H-R10C-a | `acp_adapter/permissions.py:26`:`    "deny_always": "deny",` | ACP 发出的「Deny always」选项被映射成一次性 `deny`;`tools/approval.py` 里没有持久拒绝这一档,`approvals.deny` 配置规则不会被写入 | 若要修:或者摘掉这个选项,或者让它写 `approvals.deny`。附带查一遍 `tools/approval.py:542` 的 `_match_user_deny_rule` 有没有写入入口 |
H-R10C-b	notes/r10-raw-acp-adapter.md	1790	`acp_adapter/server.py:1748`:`                    queued_text = user_text or "[Image attachment]"`	| H-R10C-b | `acp_adapter/server.py:1748`:`                    queued_text = user_text or "[Image attachment]"` | 回合进行中收到的图片被丢弃,只把字面串 `"[Image attachment]"` 排进 `List[str]` 队列,排空时当纯文本重放(`:2072`);回执却是「Queued for the next turn」 | 需要把 `queued_prompts` 的元素类型从 `str` 升级成内容块列表(`acp_adapter/session.py:169`),或至少在回执里说明图片未入队 |
H-R10C-c	notes/r10-raw-acp-adapter.md	1791	`acp_adapter/edit_approval.py:181`:`    if tool_name == "write_file":`	| H-R10C-c | `acp_adapter/edit_approval.py:181`:`    if tool_name == "write_file":` | ACP 编辑审批只认 `write_file` / `patch` 两个名字;`skill_manage`(同一对文件里被渲染成带 diff 的 `edit`,见 `acp_adapter/events.py:157`:`        if name in {"write_file", "patch", "skill_manage"}:`)不进这个闸,而它自己的闸默认关 | 这是「守卫认工具名」结论的最强单点取证,建议进成品章。若要修,方向是把 `build_edit_proposal` 扩到 `skill_manage` 的 create/edit/patch/write_file 动作 |
H-R10C-d	notes/r10-raw-acp-adapter.md	1792	`tools/approval.py:4297`:`    if not is_gateway and not is_ask:`	| H-R10C-d | `tools/approval.py:4297`:`    if not is_gateway and not is_ask:` | `check_execute_code_guard` 只在 gateway / `HERMES_EXEC_ASK` 上下文生效;ACP 走的是 interactive 分支,于是 `execute_code`(在 `hermes-acp` toolset 里)在 ACP 会话中直接放行 | 需要判定这是否可接受:同函数 docstring `tools/approval.py:4233`:`    execute_code runs arbitrary local Python — the script can call` 自陈脚本可绕过 `terminal()` 的全部模式匹配 |
H-R10C-e	notes/r10-raw-acp-adapter.md	1793	`acp_adapter/tools.py:1297`:`        raw_input=None if tool_name in _POLISHED_TOOLS else arguments,`	| H-R10C-e | `acp_adapter/tools.py:1297`:`        raw_input=None if tool_name in _POLISHED_TOOLS else arguments,` | 该三元表达式恒取 `arguments` 分支(`:1274` 的 `if tool_name in _POLISHED_TOOLS:` 已提前 return),是死逻辑;落到这条路径的正是 `browser_cdp` / `browser_dialog` 两个三表全漏的工具 | 低优先级清理。同时建议把 `memory` / `session_search` / `browser_console` / `browser_cdp` / `browser_dialog` 补进 `TOOL_KIND_MAP` |
H-R10C-f	notes/r10-raw-acp-adapter.md	1794	`website/docs/developer-guide/acp-internals.md:79`:`- \`thinking_callback\` (currently set to \`None\` in the ACP bridge — reasoning is forwarded through \`step	| H-R10C-f | `website/docs/developer-guide/acp-internals.md:79`:`- \`thinking_callback\` (currently set to \`None\` in the ACP bridge — reasoning is forwarded through \`step_callback\` instead)` | 该句后半为假:reasoning 走 `reasoning_callback`(`acp_adapter/server.py:1829`:`        agent.reasoning_callback = reasoning_cb`),`step_callback` 补发的是工具完成通知 | ▲1,已定案,供跨轮 ▲ 计数 |
H-R10C-g	notes/r10-raw-acp-adapter.md	1795	`website/docs/user-guide/features/acp.md:326`:`The underlying \`AIAgent\` still uses Hermes' normal persistence/logging paths, but ACP \`list/load/resume/fork\`	| H-R10C-g | `website/docs/user-guide/features/acp.md:326`:`The underlying \`AIAgent\` still uses Hermes' normal persistence/logging paths, but ACP \`list/load/resume/fork\` are scoped to the currently running ACP server process.` | 与代码相反(`acp_adapter/session.py:497` 的 `_restore` 从 SessionDB 重建会话与 agent),且与同仓库 `website/docs/developer-guide/acp-internals.md:172` 互相矛盾 | ▲4,已定案。**两份文档互相矛盾**这个形态在本片首次出
H-R10C-h	notes/r10-raw-acp-adapter.md	1796	`acp_adapter/server.py:1163`:`                prompt_capabilities=PromptCapabilities(image=True),`	| H-R10C-h | `acp_adapter/server.py:1163`:`                prompt_capabilities=PromptCapabilities(image=True),` | `initialize` 只 advertise `image`,但代码有近 150 行的 resource_link / embedded-resource 处理(`:332`、`:431`);守规矩的客户端可能永远不发这两类块 | 需要 SDK 或 ACP 规范才能判定「是否存在对应能力位」。下一轮若装得上 `agent-client-protocol==0.9.0`(在**基线之外**的副本里),这是第一个该查的问题 |
H-R10H-a	notes/r10-raw-desktop-electron.md	1850	`apps/desktop/electron/main.ts:10274`:`const url =`	| H-R10H-a | `apps/desktop/electron/main.ts:10274`:`const url =` | `hermes:api` 用模板串把渲染层给的 `request.path` 直接拼在 baseUrl 后,`path` 以 `@host` 开头即可把带凭据的请求发到任意主机 | R10B 读渲染层时确认调用侧是否有约束;若无,这是一条应上报的安全项 |
H-R10H-b	notes/r10-raw-desktop-electron.md	1851	`apps/desktop/electron/main.ts:11204`:`ipcMain.handle('hermes:fs:trash', async (_event, targetPath) => {`	| H-R10H-b | `apps/desktop/electron/main.ts:11204`:`ipcMain.handle('hermes:fs:trash', async (_event, targetPath) => {` | 与 `fs:reveal`/`fs:openDir`/`fs:rename` 一样,渲染层给的路径不过 `hardening.ts` 的守卫,而同组其余 6 条通道都过 | 判断这 4 条是"故意豁免"还是"加固时漏掉的" |
H-R10H-c	notes/r10-raw-desktop-electron.md	1852	`apps/desktop/electron/main.ts:11176`:`// this never creates directory trees or escapes the allowed roots, and content`	| H-R10H-c | `apps/desktop/electron/main.ts:11176`:`// this never creates directory trees or escapes the allowed roots, and content` | 注释宣称有 "allowed roots" 约束,`hardening.ts` 里没有任何根白名单实现 | 若确认无根白名单,该注释应改;它会让下一个读者以为路径已被围栏 |
H-R10H-d	notes/r10-raw-desktop-electron.md	1853	`apps/desktop/electron/main.ts:1548`:`} else if (ev.type === 'unsupported-platform') {`	| H-R10H-d | `apps/desktop/electron/main.ts:1548`:`} else if (ev.type === 'unsupported-platform') {` | 这个 bootstrap 事件分支在 `apps/desktop/electron/` 内没有任何发送者;渲染层却有对应 UI 与类型 | R10B 读 `apps/desktop/src/components/desktop-install-overlay.tsx` 时确认这条 UI 是否已成死路 |
H-R10H-e	notes/r10-raw-desktop-electron.md	1854	`apps/desktop/electron/session-windows.ts:44`:`webviewTag: true,`	| H-R10H-e | `apps/desktop/electron/session-windows.ts:44`:`webviewTag: true,` | 开了 `<webview>` 但主进程无 `will-attach-webview` 守卫 | R10B 确认渲染层用 webview 加载什么、`persist:hermes-embed` 分区之外还有没有别的用法 |
H-R10H-f	notes/r10-raw-desktop-electron.md	1855	`apps/desktop/electron/main.ts:8598`:`backendReady = true`	| H-R10H-f | `apps/desktop/electron/main.ts:8598`:`backendReady = true` | 这一行之后的子进程崩溃不进任何计数器,`startHermes()` 会被下一次 IPC 无限次重新触发 | 与 `tui_gateway/host_supervisor.py:507` 的 `_maybe_respawn_after_crash` 一起,作为"双实现分岔"的案例写进成品章 |
H-R10H-g	notes/r10-raw-desktop-electron.md	1856	`apps/desktop/electron/main.ts:3912`:`if (!activeRuntime.hasValidMarker) {`	| H-R10H-g | `apps/desktop/electron/main.ts:3912`:`if (!activeRuntime.hasValidMarker) {` | 代码明确忽略缺失的 bootstrap marker,而 `apps/desktop/README.md:184` 与 `website/docs/user-guide/desktop.md:313` 都教用户删这个 marker 来"强制干净首启" | 两份文档同一处过时,值得作为"自绘地图腐烂"的跨轮样本计入 ▲ |
H-R10H-h	notes/r10-raw-desktop-electron.md	1857	`apps/desktop/electron/backend-probes.ts:190`:`return typeof hermesOverride === 'string' && hermesOverride.trim().length > 0`	| H-R10H-h | `apps/desktop/electron/backend-probes.ts:190`:`return typeof hermesOverride === 'string' && hermesOverride.trim().length > 0` | `HERMES_DESKTOP_HERMES` 跳过 `--version` 探针,与 `apps/desktop/README.md:114` 的"候选一律先探针"冲突(代码是有意的) | 若要修,改文档而不是改代码 |
H-R10H-i	notes/r10-raw-desktop-electron.md	1858	`apps/desktop/electron/main.ts:1065`:`const backendPool = new Map()`	| H-R10H-i | `apps/desktop/electron/main.ts:1065`:`const backendPool = new Map()` | 多 profile 后端池(≤3 个额外 Python 子进程)在任何文档里零命中 | 成品章值得单开一小节:它是"一个桌面应用同时监管四个 Python 后端"这件事 |
H-R10H-j	notes/r10-raw-desktop-electron.md	1859	`apps/desktop/electron/preload.ts:126`:`return webUtils.getPathForFile(file)`	| H-R10H-j | `apps/desktop/electron/preload.ts:126`:`return webUtils.getPathForFile(file)` | 152 个暴露项里唯一一个不经过主进程、直接在 preload 里调 Electron API 的 | 若 R10B 要统计"渲染层能力面",这一条不在 IPC 表里,容易漏 |
H-R10F-a	notes/r10-raw-hermes-ink.md	2102	`ui-tui/packages/hermes-ink/src/utils/execFileNoThrow.ts:75`:`if (options.resolveOnExit) {` —— timer 里的 `settle(124)` 被这个条件挡住,于是不带 `resolveOnExit` 时 `timeout` 只	| H-R10F-a | `ui-tui/packages/hermes-ink/src/utils/execFileNoThrow.ts:75`:`if (options.resolveOnExit) {` —— timer 里的 `settle(124)` 被这个条件挡住,于是不带 `resolveOnExit` 时 `timeout` 只发 SIGTERM、不结算 promise;唯一被 `await` 的这类调用点是 `ui-tui/packages/hermes-ink/src/ink/termio/osc.ts:201` 的 `tmuxLoadBuffer` | 若 R11/R12 要在成品章里讲"子进程超时该怎么写",这是最好的一个反例。**不要**把它写成"作者疏忽" —— 作者知道现象(测试自陈),缺的是把已有的 settle 提出条件。 |
H-R10F-b	notes/r10-raw-hermes-ink.md	2103	`ui-tui/packages/hermes-ink/src/ink/components/Spacer.tsx:11`:`const $ = _c(1)` —— React Compiler 产物入库;15 个 `.tsx` 带内嵌 base64 sourcemap,其 `sourcesContent` 是人写原版	| H-R10F-b | `ui-tui/packages/hermes-ink/src/ink/components/Spacer.tsx:11`:`const $ = _c(1)` —— React Compiler 产物入库;15 个 `.tsx` 带内嵌 base64 sourcemap,其 `sourcesContent` 是人写原版 | 值得单独做一次:全仓扫一遍还有多少目录有同样形态(`grep -rl "sourceMappingURL" --include="*.ts*"`,排除 node_modules 与 dist)。本轮只扫了 hermes-ink 一个包。 |
H-R10F-c	notes/r10-raw-hermes-ink.md	2104	`ui-tui/src/types/hermes-ink.d.ts:109`:`export const TextInput: React.ComponentType<any>` —— 消费者侧 ambient 声明说 `@hermes/ink` 导出 `TextInput`,运行时导出面没有它	| H-R10F-c | `ui-tui/src/types/hermes-ink.d.ts:109`:`export const TextInput: React.ComponentType<any>` —— 消费者侧 ambient 声明说 `@hermes/ink` 导出 `TextInput`,运行时导出面没有它 | 这是 #31227 的残留风险面。核一下 `ui-tui/src/types/` 下还有几个 `declare module` 在盖包自带的 `.d.ts`。 |
H-R10F-d	notes/r10-raw-hermes-ink.md	2105	`ui-tui/packages/hermes-ink/src/utils/debug.ts:6`:`): void {}` —— `logForDebugging` 空函数体,包内 8 个文件的诊断日志全部静默	| H-R10F-d | `ui-tui/packages/hermes-ink/src/utils/debug.ts:6`:`): void {}` —— `logForDebugging` 空函数体,包内 8 个文件的诊断日志全部静默 | 若后续轮次要在这个包里排查渲染问题,先知道"日志口是死的"。宿主侧(`hermes_cli` / TUI 本体)是否有同名真实现,本轮没查。 |
H-R10F-e	notes/r10-raw-hermes-ink.md	2106	`ui-tui/packages/hermes-ink/src/native-ts/yoga-layout/index.ts:941`:`function layoutNode(` —— 约 1,100 行 flexbox 主求解循环,本轮只读骨架	| H-R10F-e | `ui-tui/packages/hermes-ink/src/native-ts/yoga-layout/index.ts:941`:`function layoutNode(` —— 约 1,100 行 flexbox 主求解循环,本轮只读骨架 | 如果要判"这个 fork 的布局能不能信",这是唯一该做 L1 精读的地方。切入点:`_generation` 世代号 + 4 槽 `_cIn/_cOut` 缓存的失效条件,以及 `roundLayout` 的 `isText` 分支(文本节点的取整规则和盒子不同)。 |
H-R10F-f	notes/r10-raw-hermes-ink.md	2107	`ui-tui/packages/hermes-ink/package.json:10`:`"lint": "echo 'ok!'"` —— 这个包的 lint 是空操作	| H-R10F-f | `ui-tui/packages/hermes-ink/package.json:10`:`"lint": "echo 'ok!'"` —— 这个包的 lint 是空操作 | 顺手核一下 `ui-tui/eslint.config.mjs` 有没有把 `packages/` 排除,以判断 ■2 是"CI 放行"还是"CI 没扫到"。 |
H-R10I-a	notes/r10-raw-native-vendor.md	832	`scripts/assign_layers.py:623`:`("native/**", "L2", "R10"),` —— 这条目录级 catch-all(排在 619-622 那三条显式行之后)是把两个随附头文件判成 L2 的唯一原因;L4 的定义在同文件 `scripts/assign_layers.py:11	| H-R10I-a | `scripts/assign_layers.py:623`:`("native/**", "L2", "R10"),` —— 这条目录级 catch-all(排在 619-622 那三条显式行之后)是把两个随附头文件判成 L2 的唯一原因;L4 的定义在同文件 `scripts/assign_layers.py:11`:`L4  有理由排除   — generated / vendored / binary / media / lockfiles; justified skip` 里字面写着 vendored | 本底稿即 §5.3 要求的"有理由排除"依据。请主线把 `data/ledger.tsv` 两行改 `L4` / `round=-` / `status=R10-vendored-justified-skip`,L2 减 14,498 行、L4 加 1
H-R10I-b	notes/r10-raw-native-vendor.md	833	`tests/test_fts_cjk_bigram.py:28`:`f"-I{VENDOR}", str(SRC),` —— gcc 命令行无条件带 `-I<vendor>`,而 `native/fts5_cjk/README.md:11-12` 与 `native/fts5_cjk/build.sh:4-6` 都把	| H-R10I-b | `tests/test_fts_cjk_bigram.py:28`:`f"-I{VENDOR}", str(SRC),` —— gcc 命令行无条件带 `-I<vendor>`,而 `native/fts5_cjk/README.md:11-12` 与 `native/fts5_cjk/build.sh:4-6` 都把 vendor 描述成"系统头缺失时的兜底";后果是 CI 编出的 `.so` 永远照 3.50.4 头编,与 runner 装没装 libsqlite3-dev 无关 | R11/R12 若写"构建与打包"章,这是「文档描述的是 A 路径、自动化走的是 B 路径」的一个短例子。◇1 已定案,无需重查 |
H-R10I-c	notes/r10-raw-native-vendor.md	834	`hermes_cli/managed_uv.py:440`:`every published 3.11.14 build links SQLite 3.50.4` —— 托管运行时的 SQLite 版本与 `vendor/sqlite3.h` 声明的版本是同一个数(3.50.4),但仓库里两处互不引用、也没有任何跟随	| H-R10I-c | `hermes_cli/managed_uv.py:440`:`every published 3.11.14 build links SQLite 3.50.4` —— 托管运行时的 SQLite 版本与 `vendor/sqlite3.h` 声明的版本是同一个数(3.50.4),但仓库里两处互不引用、也没有任何跟随检查 | 若后续轮读 `hermes_cli/managed_uv.py`(SQLite 运行时替换那一簇),把 `vendor/` 的版本一并纳入叙述:运行时一旦升到 3.53.1,随附头文件会静默留在 3.50.4。◇2 已定案 |
H-R10I-d	notes/r10-raw-native-vendor.md	835	**【R10B 已结清】** 本项目自己的工具口子:路径正则只认 `py md yaml yml toml c sh json ts tsx js` 十一种扩展、**不含 `h`**,于是**所有指向 `.h` 头文件的锚点既不计入 citations、也从不被比对**。本片 7 处 `.h` 锚点全部落在这个盲区里。	| H-R10I-d | **【R10B 已结清】** 本项目自己的工具口子:路径正则只认 `py md yaml yml toml c sh json ts tsx js` 十一种扩展、**不含 `h`**,于是**所有指向 `.h` 头文件的锚点既不计入 citations、也从不被比对**。本片 7 处 `.h` 锚点全部落在这个盲区里。同一条正则还会吃掉前导点,使 `.github/...` 一律解析不了(见 §4 跳 1′ 的注) | **R10B 开工杂项已修**(H-R10-a):白名单现为 `scripts/verify_citations.py:169`:`CITE_EXTS = "py\|mdx\|md\|yaml\|yml\|toml\|c\|h\|sh\|json\|tsx\|ts\|mjs\|js\|nix\|rs\|txt"`,并给正则加了可选前导点。**本片 
H-R10B-h	notes/r10-raw-tui-gateway-methods.md	1655	`tui_gateway/synthetic_turn.py:3`:`Mechanism B (the class ``docs/desktop/2026-07-04-dashboard-process-isolation-PRD.md```	| H-R10B-h | `tui_gateway/synthetic_turn.py:3`:`Mechanism B (the class ``docs/desktop/2026-07-04-dashboard-process-isolation-PRD.md``` | 这份 PRD 被 2 个文件引用(另一处 `scripts/iso-certify.py:5`),但 `docs/desktop/` 目录在基线里**不存在** | 整套回合隔离机制(1,457 行)在全仓 `*.md` 里零提及,是"◇ 代码有、文档无"的最大一块;R12 蓝图里值得单开一节 |
H-R10A-a	notes/r10-raw-tui-gateway-skeleton.md	1849	`tui_gateway/render.py:12` 的 `from agent.rich_output import format_response`	| H-R10A-a | `tui_gateway/render.py:12` 的 `from agent.rich_output import format_response` | `agent/rich_output.py` 在基线里不存在(三层搜索面见 §6 ■-1),故三个渲染函数恒返回 `None`,四个调用点全走 TUI 自带渲染;需判定这是废弃残留还是给下游模块留的可选接缝。 | agent 片(它拥有 `agent/` 目录,能确认该模块是否曾存在、何时删的) |
H-R10A-b	notes/r10-raw-tui-gateway-skeleton.md	1850	`tui_gateway/ws.py:38` 的 `# Max seconds a pool-dispatched handler will block waiting for the event loop`	| H-R10A-b | `tui_gateway/ws.py:38` 的 `# Max seconds a pool-dispatched handler will block waiting for the event loop` | 这行注释说超时后 "mark the transport dead",而 130 行之后的 `TimeoutError` 分支明确不置 `_closed`;修 bug 时改了实现没回改注释。 | R10 主线(登记为 ▲,归入本轮 ▲ 计数) |
H-R10A-c	notes/r10-raw-tui-gateway-skeleton.md	1851	`tui_gateway/server.py:1381` 的 `# ── per-session profile scoping (global remote mode) ───────────────────────────`	| H-R10A-c | `tui_gateway/server.py:1381` 的 `# ── per-session profile scoping (global remote mode) ───────────────────────────` | 这条横幅的辖区(:1381–:2878)里装着整个协议核心:`write_json`(:1511)、`_emit`(:1539)、`_ok`/`_err`/`method`(:1856–:1870)、`handle_request`(:1891)、`dispatch`(:1903);拿横幅当分区地图会找错地方。 | 任何后续要在 `tui_gateway/server.py` 里定位的片 |
H-R10A-d	notes/r10-raw-tui-gateway-skeleton.md	1852	`tui_gateway/server.py:5518` 的 `if event_type != "subagent.text":`	| H-R10A-d | `tui_gateway/server.py:5518` 的 `if event_type != "subagent.text":` | `subagent.*` 中继是「白名单早返回 + `startswith` 兜底」结构,具体取值只能从发射侧(`tools/delegate_tool.py`)逆推;新增一种 `subagent.X` 会自动上线而无人维护清单。请核这 7 种(减 `subagent.text` 得线上 6 种)是否完整。 | 委派 / 子代理片 |
H-R10A-e	notes/r10-raw-tui-gateway-skeleton.md	1853	`tui_gateway/event_publisher.py:57` 的 `self._ws = ws_connect(url, open_timeout=connect_timeout, max_size=None)`	| H-R10A-e | `tui_gateway/event_publisher.py:57` 的 `self._ws = ws_connect(url, open_timeout=connect_timeout, max_size=None)` | 这是同步阻塞连接、默认 2s 超时,且发生在 `gateway.ready` 之前;设了 `HERMES_TUI_SIDECAR_URL` 而对端不可达时 TUI 首帧被推迟最多 2s,文档只讲 best-effort 不讲启动代价。 | dashboard / web_server 片(它拥有 `/api/pub` 的另一端) |
H-R10A-f	notes/r10-raw-tui-gateway-skeleton.md	1854	`hermes_cli/web_server.py:17654` 的 `install_loop_noise_filter(asyncio.get_running_loop())`	| H-R10A-f | `hermes_cli/web_server.py:17654` 的 `install_loop_noise_filter(asyncio.get_running_loop())` | `tui_gateway/loop_noise.py` 唯一的生产安装点在包外;`tui_gateway/ws.py` 自己从不安装,照它 `Mounting` 段落自建 FastAPI app 的人拿不到这层过滤。 | dashboard / web_server 片 |
H-R10A-g	notes/r10-raw-tui-gateway-skeleton.md	1855	`tui_gateway/ws.py:189` 的 `def _arm_token_flush(self) -> None:`	| H-R10A-g | `tui_gateway/ws.py:189` 的 `def _arm_token_flush(self) -> None:` | 它在 loop 线程无锁写 `self._token_flush_handle`,而 `write` 在 `_token_lock` 内排它;推演出一条能让两个定时器同时在飞并泄漏一个 `TimerHandle` 的交错,后果看似无害(多一次空 flush),未构造复现故未记 ■。 | 后续任何做 ws 并发 L1 精读的片 |
H-R10A-h	notes/r10-raw-tui-gateway-skeleton.md	1856	`tui_gateway/server.py:287` 的 `2, int(os.environ.get("HERMES_TUI_RPC_POOL_WORKERS") or "8")`	| H-R10A-h | `tui_gateway/server.py:287` 的 `2, int(os.environ.get("HERMES_TUI_RPC_POOL_WORKERS") or "8")` | 池下限是 `max(2, …)`,而 `tests/tui_gateway/test_inline_rpc_gil_starvation.py:138` 的 `assert server._rpc_pool_workers >= 8, (` 只断言默认值;把环境变量设成 2 会让那条「前端轮询 RPC 不被饿死」的不变量失效,没有任何机制挡住。 | 配置 / 环境变量片 |
H-R10E-a	notes/r10-raw-ui-tui-components.md	1562	`ui-tui/src/components/textInput.tsx:334`:`export function killToLineStart(value: string, cursor: number): { value: string; cursor: number } {` —— `cursor === 0	| H-R10E-a | `ui-tui/src/components/textInput.tsx:334`:`export function killToLineStart(value: string, cursor: number): { value: string; cursor: number } {` —— `cursor === 0` 且 `value[0] === '\n'` 时返回值多了一个换行、光标前移到 1;分派处 `ui-tui/src/components/textInput.tsx:1297` 的 `actionDeleteToStart` 分支无 `c > 0` 守卫。 | 归入 R11/R12 的"■ 汇总";若将来要给上游提 issue,这是本片唯一一条可独立成立的代码缺陷。 |
H-R10E-b	notes/r10-raw-ui-tui-components.md	1563	`ui-tui/README.md:182`:`- Clarify free-text mode and masked prompts use` …(整句见 §6 ▲1)—— 与 `ui-tui/src/components/maskedPrompt.tsx:6`:`import { TextInput } from 	| H-R10E-b | `ui-tui/README.md:182`:`- Clarify free-text mode and masked prompts use` …(整句见 §6 ▲1)—— 与 `ui-tui/src/components/maskedPrompt.tsx:6`:`import { TextInput } from './textInput.js'` 直接冲突。 | 写 TUI 章时,**不要**沿用 README 的"两套输入实现"叙事——全客户端只有一个行编辑器。 |
H-R10E-d	notes/r10-raw-ui-tui-components.md	1565	`ui-tui/src/lib/model-search-text.ts:8` 的 `Keep in sync with web/src/lib/model-search-text.ts and` —— 该文件自述要与 web 端和 `hermes_cli/model_search.py` 三处同步,本片未做三方比对。	| H-R10E-d | `ui-tui/src/lib/model-search-text.ts:8` 的 `Keep in sync with web/src/lib/model-search-text.ts and` —— 该文件自述要与 web 端和 `hermes_cli/model_search.py` 三处同步,本片未做三方比对。 | 交给覆盖 `web/` 或 `hermes_cli/` 的片做一次三方一致性核对;不一致就是一条 ■。 |
H-R10E-e	notes/r10-raw-ui-tui-components.md	1566	`ui-tui/src/lib/inputMetrics.ts:41`:`const wrapped = wrapAnsi(value, width, { hard: true, trim: false })` —— 光标定位的正确性**完全依赖**分叉 Ink 导出的 `wrapAnsi` 与 `<Text wrap	| H-R10E-e | `ui-tui/src/lib/inputMetrics.ts:41`:`const wrapped = wrapAnsi(value, width, { hard: true, trim: false })` —— 光标定位的正确性**完全依赖**分叉 Ink 导出的 `wrapAnsi` 与 `<Text wrap="wrap">` 内部用的是同一份实现/同一组选项;本片无法验证这一点。 | 交给覆盖 `ui-tui/packages/hermes-ink/` 的片确认:`entry-exports.ts` 导出的 `wrapAnsi` 与 Text 渲染路径调用的是否同一个函数、选项是否一致。这是"光标漂移"整类 bug 的根。 |
H-R10E-f	notes/r10-raw-ui-tui-components.md	1567	`ui-tui/src/components/textInput.tsx:474`:`export function canFastBackspaceShape(current: string, cursor: number, columns?: number): boolean {` —— `columns` 可选,	| H-R10E-f | `ui-tui/src/components/textInput.tsx:474`:`export function canFastBackspaceShape(current: string, cursor: number, columns?: number): boolean {` —— `columns` 可选,注释明写"新调用方不许省略",但类型系统不强制。 | 若 R11 要做"可迁移设计原则"一节,这是一个好例子:注释里的契约 vs 类型里的契约。当前唯一生产调用方 `ui-tui/src/components/textInput.tsx:848`:`canFastBackspaceShape(current, cursor, columns)` 确实传了宽度。 |
H-R10D-a	notes/r10-raw-ui-tui-core.md	1980	`ui-tui/src/gatewayClient.ts:221`:`this.subscribed = false`	| H-R10D-a | `ui-tui/src/gatewayClient.ts:221`:`this.subscribed = false` | 这一行在 `resetStartupState()` 里把消费者订阅标记随传输一起复位,而全仓唯一的 `drain()` 调用点在一个依赖恒定的 mount effect 里,重启后再没人把它翻回真 | 起一次 TUI、`kill` 掉 `tui_gateway` 子进程,观测是否停在 `gateway exited` 而不出现 `recovering session…` 之后的续接;或在允许跑 vitest 的环境里补一个 "drain() 之后再 start()" 的用例 |
H-R10D-b	notes/r10-raw-ui-tui-core.md	1981	`ui-tui/src/app/createGatewayEventHandler.ts:1094`:`turnController.recordToolProgress(ev.payload.name, ev.payload.preview)`	| H-R10D-b | `ui-tui/src/app/createGatewayEventHandler.ts:1094`:`turnController.recordToolProgress(ev.payload.name, ev.payload.preview)` | 这个调用是 `recordToolProgress` 的唯一调用方,而它所在的 `tool.progress` 分支在 `tui_gateway` 侧没有任何发出方 | 确认是"抄错协议"还是"曾经有过、后来服务端删了"——查 git 历史里 `tui_gateway` 是否曾发 `tool.progress`;若确为死码,它连带 `types.ts` 的 `ActiveTool.preview` 字段一起可清 |
H-R10D-c	notes/r10-raw-ui-tui-core.md	1982	`tui_gateway/server.py:3143`:`f"{event.removesuffix('.request')}.expire"`	| H-R10D-c | `tui_gateway/server.py:3143`:`f"{event.removesuffix('.request')}.expire"` | 这条 f-string 会为 clarify 也发 `clarify.expire`,但客户端只有 `sudo.expire` / `secret.expire` 两个 case;clarify 的超时清理改依赖 `tool.complete` | 判定服务端注释里说的 "a reconnect that dropped tool.complete" 窗口在 TUI 的 attach 模式下能否真被触发;能则 ◇-1 升 ■ |
H-R10D-d	notes/r10-raw-ui-tui-core.md	1983	`tui_gateway/methods_prompt.py:905`:`return _respond(rid, params, "password", allow_expired=True)`	| H-R10D-d | `tui_gateway/methods_prompt.py:905`:`return _respond(rid, params, "password", allow_expired=True)` | 服务端 handler 普遍把参数读取下推一层 helper(`_respond` / `_sess` / `_sess_nowait` / `_browser_connect`),所以"handler 体内 `params.get` 键集"这个信号不足以做参数形状对账 | 写一个跟一层函数间接的 Python AST 分析(把 helper 读的键回填到调用它的 handler),再重跑 §3-bis (iii) 的对账 |
H-R10D-e	notes/r10-raw-ui-tui-core.md	1984	`tui_gateway/server.py:9334`:`desktop_ui.set_emitter(lambda sid, event, payload: _emit(event, sid, payload))`	| H-R10D-e | `tui_gateway/server.py:9334`:`desktop_ui.set_emitter(lambda sid, event, payload: _emit(event, sid, payload))` | 这是一个**开放事件中继**:`tools/` 下任何 `desktop_ui.emit(名, 载荷)` 都会变成一个网关事件类型,不经任何白名单 | 若后续要给"网关事件类型"做封闭清单(例如生成协议文档),必须把这条中继连同 `subagent.*` 的 `event_type` 中继(`tui_gateway/server.py:5519`)一起当成开放点处理 |
H-R10D-f	notes/r10-raw-ui-tui-core.md	1985	`ui-tui/src/app/useConfigSync.ts:40`:`const TUI_BUSY_DEFAULT: BusyInputMode = 'queue'`	| H-R10D-f | `ui-tui/src/app/useConfigSync.ts:40`:`const TUI_BUSY_DEFAULT: BusyInputMode = 'queue'` | TUI 故意把 `busy_input_mode` 默认值定为 `queue`,与框架默认 `interrupt` 不同(注释在 `:33-39`) | 这是跨 surface 默认值分歧的一个实例;做"配置真相表"那一轮时应把它和其他 surface-local 默认值一起收集(还有 `ui-tui/src/config/env.ts:64` 的 Termux 鼠标默认关) |
H-R10D-g	notes/r10-raw-ui-tui-core.md	1986	`ui-tui/README.md:97`:`- \`registry.ts\` — assembles \`SLASH_COMMANDS\` from all command files in registration order (core → billing → credits → session → ops →	| H-R10D-g | `ui-tui/README.md:97`:`- \`registry.ts\` — assembles \`SLASH_COMMANDS\` from all command files in registration order (core → billing → credits → session → ops → setup → debug)` | README 的 slash 子系统一节整体停留在 `billing.ts`/`credits.ts` 时代(四处提及),现役文件是 `topup.ts`/`subscription.ts`/`wake.ts` | 若后续要把 ▲ 计数做成跨轮腐烂度指标,注意 ▲-3 是**一处改名波及六个位置**——按"位置"计是 6,按"断言"计是 1;定一个计数口径 |
H-R10G-b	notes/r10-raw-web-dashboard.md	2049	`hermes_cli/web_server.py:5468`:`def _install_memory_provider_external_dependencies(`	| **H-R10G-b** | `hermes_cli/web_server.py:5468`:`def _install_memory_provider_external_dependencies(` | `/api/memory/providers/{name}/setup` 除 pip 外还会 `shlex.split()` 执行 manifest 的 `check`/`install` 命令(`shell=False`,但 argv 可为 `bash -c …`),`_spec_is_safe` 的卫生检查只覆盖 pip 那一半;主线 ■-R10-01 定级时应纳入 | R11A |
H-R10G-c	notes/r10-raw-web-dashboard.md	2050	`web/package.json:12`:`    "typecheck": "tsc -p . --noEmit",`	| **H-R10G-c** | `web/package.json:12`:`    "typecheck": "tsc -p . --noEmit",` | 指向 `files: []` + references 的 solution tsconfig,疑为空转(`build` 用的是正确的 `tsc -b`);本轮无法实测,需要一个能跑 npm 的轮次确认 | 任何能跑前端工具链的一轮 |
H-R10G-d	notes/r10-raw-web-dashboard.md	2051	`web/src/plugins/slots.ts:18`:`/** Slot locations the built-in shell renders. Plugins declaring any of`	| **H-R10G-d** | `web/src/plugins/slots.ts:18`:`/** Slot locations the built-in shell renders. Plugins declaring any of` | 插槽三张名单(声明 30 / 实渲染 31 / 文档 28)两两不等,`sidebar`/`footer-left`/`footer-right` 三个名字文档与声明都有、代码零渲染 | R11 复盘(与 ▲ 计数一起处理) |
H-K-a	notes/r10b-raw-build-package.md	1477	`apps/bootstrap-installer/.gitignore:3`:`/src-tauri/Cargo.lock`	| H-K-a | `apps/bootstrap-installer/.gitignore:3`:`/src-tauri/Cargo.lock` | 签名分发的 bin crate 不提交 lockfile,依赖树不可复现 | 与片外 `scripts/install.ps1` / `install.sh` 的下载校验一并评估整条供应链;确认 CI 是否在别处固定了依赖 |
H-K-b	notes/r10b-raw-build-package.md	1478	`apps/bootstrap-installer/src-tauri/src/install_script.rs:326`:`"https://raw.githubusercontent.com/NousResearch/hermes-agent/{}/scripts/{}",`	| H-K-b | `apps/bootstrap-installer/src-tauri/src/install_script.rs:326`:`"https://raw.githubusercontent.com/NousResearch/hermes-agent/{}/scripts/{}",` | 下载即执行,无校验和/签名;默认构建连 commit pin 都没有 | 追 `scripts/install.ps1` 自身:它 clone 仓库时是否验签、是否 pin;这决定整条链的信任根 |
H-K-c	notes/r10b-raw-build-package.md	1479	`apps/bootstrap-installer/src-tauri/Cargo.toml:75`:`panic = "abort"`	| H-K-c | `apps/bootstrap-installer/src-tauri/Cargo.toml:75`:`panic = "abort"` | release 下 `Drop` 不跑,`UpdateMarkerGuard` 注释宣称的「EVERY exit path」不成立 | 交叉验证 `hermes_cli/update_lock.py` 与 `apps/desktop/electron/update-marker.ts` 的兜底是否足以覆盖 |
H-K-d	notes/r10b-raw-build-package.md	1480	`apps/desktop/scripts/test-desktop.mjs:6`:`import { listPackage } from '@electron/asar'`	| H-K-d | `apps/desktop/scripts/test-desktop.mjs:6`:`import { listPackage } from '@electron/asar'` | 全仓 11 个 package.json 均未声明该依赖,靠 npm 提升解析;它在 `npm run check` 链路上 | 查 CI 工作流是否真的跑 `npm run check`;若跑,这是一颗定时炸弹 |
H-K-e	notes/r10b-raw-build-package.md	1481	`apps/desktop/e2e/tile-unread-bug.spec.ts:166`:`test.describe.skip('sidebar states — split (visible) unread bug (RED)', () => {`	| H-K-e | `apps/desktop/e2e/tile-unread-bug.spec.ts:166`:`test.describe.skip('sidebar states — split (visible) unread bug (RED)', () => {` | 一个已知 UI 缺陷被写成红灯用例后整块跳过 | 交给做渲染器/侧栏那一片:该 bug 是否已在别处修掉、这块 skip 是否可以拆 |
H-K-f	notes/r10b-raw-build-package.md	1482	`apps/bootstrap-installer/src-tauri/src/update.rs:957`:`fn target_app_from_args<I, S>(args: I) -> Option<PathBuf>`	| H-K-f | `apps/bootstrap-installer/src-tauri/src/update.rs:957`:`fn target_app_from_args<I, S>(args: I) -> Option<PathBuf>` | `--target-app` 只校验 `.app` 后缀、不校验位置,随后会被 rename 并覆写 | 查桌面侧(`apps/desktop/electron/`)是谁拼这个参数、拼的是什么 |
H-K-g	notes/r10b-raw-build-package.md	1483	`apps/bootstrap-installer/src-tauri/src/bootstrap.rs:139`:`pub async fn get_bootstrap_status(`	| H-K-g | `apps/bootstrap-installer/src-tauri/src/bootstrap.rs:139`:`pub async fn get_bootstrap_status(` | 命令已注册,前端 0 调用,「刷新后可恢复」的设计没落地 | 若后续要讲「安装器的可恢复性」,注意别照抄注释里的意图 |
H-K-h	notes/r10b-raw-build-package.md	1484	`apps/desktop/scripts/perf/scenarios/index.mjs:37`:`export const CI_SCENARIOS = Object.values(SCENARIOS)`	| H-K-h | `apps/desktop/scripts/perf/scenarios/index.mjs:37`:`export const CI_SCENARIOS = Object.values(SCENARIOS)` | `perf/README.md:46` 起的场景表 13 行只覆盖 12 个模块,漏了 `multitab`(ci,在默认套件与 baseline 里)与 `stream-history`(manual) | 写成品章讲 perf 框架时以注册表为准,不要照抄 README 的表 |
H-R10B-I-a	notes/r10b-raw-i18n-l3.md	903	`apps/desktop/src/i18n/zh.ts:258` 的 `'view.showTerminal': '显示终端',` —— 紧接其后 `apps/desktop/src/i18n/en.ts:263-268` 的 4 个终端 action 键在 zh 中不存在,中文设置页显示原始 id	| **H-R10B-I-a** | `apps/desktop/src/i18n/zh.ts:258` 的 `'view.showTerminal': '显示终端',` —— 紧接其后 `apps/desktop/src/i18n/en.ts:263-268` 的 4 个终端 action 键在 zh 中不存在,中文设置页显示原始 id | 属 ■-1。若后续轮做「缺陷清单」,这是一条可直接复现的样本 |
H-R10B-I-b	notes/r10b-raw-i18n-l3.md	904	`apps/desktop/src/app/command-palette/index.tsx:767`:`label: t.keybinds.actions['session.newWindow'],` —— 全 app **唯一**一处读 `keybinds.actions` 却**不写 `??` 兜底**的调用点	| **H-R10B-I-b** | `apps/desktop/src/app/command-palette/index.tsx:767`:`label: t.keybinds.actions['session.newWindow'],` —— 全 app **唯一**一处读 `keybinds.actions` 却**不写 `??` 兜底**的调用点;该键当前 5 个 locale 都有,故暂不触发 | 值得核一遍:是有意为之(该键有平价保证)还是遗漏。其余 6 处调用点全部写了兜底:`apps/desktop/src/components/ui/tooltip.tsx:220`、`apps/desktop/src/components/find-bar.tsx:168,172`、`apps/desktop/src/app/settings/keybind-settings.tsx:
H-R10B-I-c	notes/r10b-raw-i18n-l3.md	905	`apps/desktop/src/lib/keybinds/actions.ts:157`:`export const KEYBIND_ACTION_IDS: readonly string[] = KEYBIND_ACTIONS.map(action => action.id)` —— 一份现成的 action i	| **H-R10B-I-c** | `apps/desktop/src/lib/keybinds/actions.ts:157`:`export const KEYBIND_ACTION_IDS: readonly string[] = KEYBIND_ACTIONS.map(action => action.id)` —— 一份现成的 action id 全集,可直接用来写「所有 locale × 所有 action 都有标签」的平价测试,补 ■-2 的口子 | 这是 ■-2 最小成本的修法,不需要改类型 |
H-R10B-I-d	notes/r10b-raw-i18n-l3.md	906	`apps/desktop/src/i18n/context.tsx:58`:`const RTL_LOCALES = new Set<Locale>(['ar'])` —— RTL 名单**不在** `languages.ts` 的 locale 元数据里,是加 locale 时第 6 个必改点且无编译器保护(§4.	| **H-R10B-I-d** | `apps/desktop/src/i18n/context.tsx:58`:`const RTL_LOCALES = new Set<Locale>(['ar'])` —— RTL 名单**不在** `languages.ts` 的 locale 元数据里,是加 locale 时第 6 个必改点且无编译器保护(§4.2 表) | 若后续轮写「桌面端可扩展点」章,这是「元数据被拆到两个文件」的现成例子 |
H-R10B-I-e	notes/r10b-raw-i18n-l3.md	907	`apps/desktop/src/main.tsx:53` 的 `<I18nProvider>` —— 挂载时**不传 `initialLocale`**,故首帧必为 `en` + `dir=ltr`,配置异步读回后才切换;阿拉伯语用户开机会看到一次 LTR→RTL 翻转	| **H-R10B-I-e** | `apps/desktop/src/main.tsx:53` 的 `<I18nProvider>` —— 挂载时**不传 `initialLocale`**,故首帧必为 `en` + `dir=ltr`,配置异步读回后才切换;阿拉伯语用户开机会看到一次 LTR→RTL 翻转 | 本片未测量翻转的可感知程度(需要真 Electron 启动)。属**未取证的观察**,不作结论,留给做启动路径的轮次 |
H-R10B-I-f	notes/r10b-raw-i18n-l3.md	908	`apps/desktop/DESIGN.md:334`:`- [ ] All four locales updated for any new/changed string?` —— 提交前清单把 5 个 locale 写成 4 个(▲-2)	| **H-R10B-I-f** | `apps/desktop/DESIGN.md:334`:`- [ ] All four locales updated for any new/changed string?` —— 提交前清单把 5 个 locale 写成 4 个(▲-2) | 若项目后续汇总「文档腐烂」跨轮指标,这条与 ▲-1 同源但归属不同标题,计数时按 2 条还是 1 条需统一口径 |
H-R10B-F-a	notes/r10b-raw-message-render.md	1514	`apps/desktop/src/components/assistant-ui/tool/fallback-model/index.ts:34`:`const FILE_EDIT_TOOL_NAMES = new Set(['edit_file', 'patch', 'write_file'])` —— `edit	| H-R10B-F-a | `apps/desktop/src/components/assistant-ui/tool/fallback-model/index.ts:34`:`const FILE_EDIT_TOOL_NAMES = new Set(['edit_file', 'patch', 'write_file'])` —— `edit_file` 在内核 Python 里 0 命中,却参与 `isCardTool` / diff 面板 / changed-files 三条语义路径 | 若后续轮要写"工具生命周期"章,需交代这条 UI 侧的幽灵工具名;也可作为"前后端工具名没有单一真源"的证据 |
H-R10B-F-b	notes/r10b-raw-message-render.md	1515	`apps/desktop/src/components/assistant-ui/tool/fallback.tsx:529`:`if (isFileEdit && !isPending && view.status !== 'error' && !view.inlineDiff) {` —— 与 `changed-	| H-R10B-F-b | `apps/desktop/src/components/assistant-ui/tool/fallback.tsx:529`:`if (isFileEdit && !isPending && view.status !== 'error' && !view.inlineDiff) {` —— 与 `changed-files.ts:47` 的 `if (!diff) {` 共用同一谓词,两者都不兜底 | 本片未实机复现。若后续有能跑通 agent 的轮次,值得实测一次 `write_file` 重载后的 transcript |
H-R10B-F-c	notes/r10b-raw-message-render.md	1516	`tui_gateway/server.py:5364`:`except Exception:` —— 包住 `render_edit_diff_with_delta`,失败即静默丢掉 `inline_diff`	| H-R10B-F-c | `tui_gateway/server.py:5364`:`except Exception:` —— 包住 `render_edit_diff_with_delta`,失败即静默丢掉 `inline_diff` | 这是 ■-2 三条失效路径里唯一在 Python 侧的一条,属片 F 边界外,交给做 gateway 的片/轮 |
H-R10B-F-d	notes/r10b-raw-message-render.md	1517	`apps/desktop/src/components/assistant-ui/embeds/providers/pinterest.ts:5`:`if (!bareHost(url.hostname).includes('pinterest.')) {` —— 子串匹配,`notpinterest.com` 命中	| H-R10B-F-d | `apps/desktop/src/components/assistant-ui/embeds/providers/pinterest.ts:5`:`if (!bareHost(url.hostname).includes('pinterest.')) {` —— 子串匹配,`notpinterest.com` 命中 | 若 R12 蓝图要写"不受信 URL 的处理",这是一个"白名单写成子串匹配"的现成反例 |
H-R10B-F-e	notes/r10b-raw-message-render.md	1518	`apps/desktop/src/components/assistant-ui/embeds/url-embed.tsx:31`:`if (descriptor.renderer === 'tweet' \	| H-R10B-F-e | `apps/desktop/src/components/assistant-ui/embeds/url-embed.tsx:31`:`if (descriptor.renderer === 'tweet' \|\| descriptor.provider === 'instagram') {` —— 分派不完全按 `renderer` 字段走,导致 instagram 的 `embedUrl` 与 tiktok 的 `SCRIPT` 条目成为死数据 | 纯整洁性问题,不阻断;记录以免下一轮把 `renderer` 字段当成完整分派依据 |
H-R10B-F-f	notes/r10b-raw-message-render.md	1519	`apps/desktop/src/components/assistant-ui/thread/message-parts.tsx:269`:`tools: { Fallback: ChainToolFallback }` —— 库支持 `tools.by_name`(工具名→组件 map),Hermes 只用 `F	| H-R10B-F-f | `apps/desktop/src/components/assistant-ui/thread/message-parts.tsx:269`:`tools: { Fallback: ChainToolFallback }` —— 库支持 `tools.by_name`(工具名→组件 map),Hermes 只用 `Fallback` + 手写 if 链 | 设计取舍点,值得进 R12 蓝图的"分派表该不该是数据"一节 |
H-G-a	notes/r10b-raw-pane-shell-ui.md	1506	`apps/desktop/src/components/pane-shell/tree/renderer/tree-split.tsx:465`:`setTreeSplitWeights(node.id, !preset && !pinned ? weights.map(() => 1) : weights)`	| H-G-a | `apps/desktop/src/components/pane-shell/tree/renderer/tree-split.tsx:465`:`setTreeSplitWeights(node.id, !preset && !pinned ? weights.map(() => 1) : weights)` | ■-1:双击 sash 复位后没有任何 persist,重载即丢;修法是这一行后面补 `persistTree()` | 需要给上游报 issue / 写进"我自己的 harness 要避开的坑" |
H-G-b	notes/r10b-raw-pane-shell-ui.md	1507	`apps/desktop/src/components/ui/sidebar.tsx:81`:`document.cookie`	| H-G-b | `apps/desktop/src/components/ui/sidebar.tsx:81`:`document.cookie` | ■-2:vendored shadcn 组件在 Electron 里种一个全仓零读取的 cookie;`grep -rn sidebar_state` 全仓只命中常量定义 | 与"vendored 副本如何随宿主裁剪"这个主题一起讲 |
H-G-c	notes/r10b-raw-pane-shell-ui.md	1508	`website/docs/developer-guide/desktop-plugin-sdk.md:227` 的 `placement`	| H-G-c | `website/docs/developer-guide/desktop-plugin-sdk.md:227` 的 `placement` | ▲-1:网站文档把 pane placement 穷举成 5 个值,代码与 SDK 注释都有第 6 个 `'floating'`;同小节表格把 `data` 载荷写成 4 键,实为 16+2 键 | R12 装订"插件贡献面"一章时要用代码侧口径 |
H-G-d	notes/r10b-raw-pane-shell-ui.md	1509	`apps/desktop/DESIGN.md:158` 的 `borderless, underline-on-focus, auto-width. The only`	| H-G-d | `apps/desktop/DESIGN.md:158` 的 `borderless, underline-on-focus, auto-width. The only` | ▲-2:"唯一的搜索输入框",同目录另有 `DropdownMenuSearch` 与 `CommandInput`,后者恰是一条带边框的搜索栏 | 同上 |
H-G-e	notes/r10b-raw-pane-shell-ui.md	1510	`apps/desktop/src/components/pane-shell/tree/grid-model.ts:2`:`* FancyZones grid model — a faithful port of PowerToys'`	| H-G-e | `apps/desktop/src/components/pane-shell/tree/grid-model.ts:2`:`* FancyZones grid model — a faithful port of PowerToys'` | ◇-1:三个文件声明逐行移植自 PowerToys(MIT),仓库无第三方许可清单;`components/ui` 是 shadcn 副本但桌面端文档零提及 | 与 R10 在 `hermes-ink` 上的同型判定合并成"外部代码引入的三种形态"一节 |
H-G-f	notes/r10b-raw-pane-shell-ui.md	1511	`apps/desktop/src/components/pane-shell/tree/store.ts:1661`:`;(window as unknown as Record<string, unknown>).__HERMES_LAYOUT_TREE__ = {`	| H-G-f | `apps/desktop/src/components/pane-shell/tree/store.ts:1661`:`;(window as unknown as Record<string, unknown>).__HERMES_LAYOUT_TREE__ = {` | ◇-2:DEV / `VITE_PERF_PROBE=1` 下挂 7 个布局操作到 window,供 E2E 与性能探针驱动;无文档 | 讲"harness 怎么给自己留自动化把手"时可用 |
H-G-g	notes/r10b-raw-pane-shell-ui.md	1512	`apps/desktop/src/components/pane-shell/tree/grid-to-tree.ts:80`:`  // No full-length cut exists on either axis: non-guillotine (pinwheel).`	| H-G-g | `apps/desktop/src/components/pane-shell/tree/grid-to-tree.ts:80`:`  // No full-length cut exists on either axis: non-guillotine (pinwheel).` | 能力边界:FancyZones 网格能表达的比这棵树多,风车布局保存不了(Save 被禁用);后续若要讲"为什么选 guillotine 树"这是关键取舍点 | R12 布局章 |
H-G-h	notes/r10b-raw-pane-shell-ui.md	1513	`apps/desktop/src/components/pane-shell/tree/model.ts:561`:`  if (n.type === 'group') {`	| H-G-h | `apps/desktop/src/components/pane-shell/tree/model.ts:561`:`  if (n.type === 'group') {` | `isLayoutNode` 不校验 `minimized` / `headerHidden` 两个可选布尔,持久化里的脏值会原样进树(靠下游 `Boolean()` 兜住)。不是缺陷,但若要抄这套"不可信持久化"的校验思路要知道它的边界在哪 | 谁写 harness 的持久化校验 |
H-R10B-C-a	notes/r10b-raw-settings-billing.md	1408	`apps/shared/src/billing-policy.ts:8`:`reuseIdempotencyKey?: true`	| **H-R10B-C-a** | `apps/shared/src/billing-policy.ts:8`:`reuseIdempotencyKey?: true` | 该标记全仓零读取点(`git grep` 6 命中全在本文件),而桌面自造的 `retryableSendKinds` 少了 `network_error` 与 `stripe_unavailable` 两个码 → Stripe 故障后点 Retry 会用**新**幂等键重发扣款请求 | ■,建议 R11 章节收进"共享策略表与各界面实现的一致性"一节 |
H-R10B-C-b	notes/r10b-raw-settings-billing.md	1409	`apps/desktop/src/app/settings/billing/use-charge-poller.ts:56`:`const retryableSendKinds = new Set([`	| **H-R10B-C-b** | `apps/desktop/src/app/settings/billing/use-charge-poller.ts:56`:`const retryableSendKinds = new Set([` | 同上的具体落点;修法是改用 `refusalPolicy(...).reuseIdempotencyKey` | 同上 |
H-R10B-C-c	notes/r10b-raw-settings-billing.md	1410	`apps/desktop/src/app/settings/helpers.ts:26` 的 `redactedValue`	| **H-R10B-C-c** | `apps/desktop/src/app/settings/helpers.ts:26` 的 `redactedValue` | 客户端乐观遮罩门槛 `<=8`,服务端 `mask_secret` 门槛 `<12`;长度 9–11 的凭据保存后会在页面上显示其中 8 个字符,直到下次 mount | ■,凭据处理专题 |
H-R10B-C-d	notes/r10b-raw-settings-billing.md	1411	`apps/desktop/src/app/settings/env-credentials.tsx:184`:`onReveal: handleReveal`	| **H-R10B-C-d** | `apps/desktop/src/app/settings/env-credentials.tsx:184`:`onReveal: handleReveal` | `revealed`/`onReveal` 挂进 `rowProps` 但 `KeyField` 从不解构 → Settings 的 Providers/Keys 两页永不调用 `POST /api/env/reveal`;同文件的 `filterEnv` 也零调用方,而它的注释自称"每个凭据面共用" | ■(低危),但注释断言了一个不成立的不变量 |
H-R10B-C-e	notes/r10b-raw-settings-billing.md	1412	`apps/desktop/src/app/settings/billing/errors.ts:23` 的 `resolveRefusal`	| **H-R10B-C-e** | `apps/desktop/src/app/settings/billing/errors.ts:23` 的 `resolveRefusal` | 普通 `switch` + `default`,非编译期穷尽;24 个线上码里 8 个落 default,其中 3 个(`network_error`/`internal_error`/`auto_top_up_disabled_failures`)因此丢掉了 policy 上写明的 retry / portal 恢复动作 | ■ |
H-R10B-C-f	notes/r10b-raw-settings-billing.md	1413	`apps/shared/src/skill-scaffold.ts:46`:`export function skillInvocationText(text: string): null	| **H-R10B-C-f** | `apps/shared/src/skill-scaffold.ts:46`:`export function skillInvocationText(text: string): null | string {` | 它的规格文件 `apps/shared/src/skill-scaffold.test.ts` 不被任何 vitest project 收集(`apps/shared` 无 test 脚本、无 vitest 依赖、不在四个 config 的 root 下);实测 `No test files found` | ■,测试基建 |
H-R10B-C-g	notes/r10b-raw-settings-billing.md	1414	`apps/desktop/src/app/settings/billing/billing-amounts.ts:110`:`export function formatMoney(value?: null	| **H-R10B-C-g** | `apps/desktop/src/app/settings/billing/billing-amounts.ts:110`:`export function formatMoney(value?: null | number | string): string {` | 与 `apps/desktop/src/app/settings/billing/use-billing-state.ts:817` 的同名私有函数是两份实现;后者钉死 `en-US` 并写明理由,前者用运行时 locale,而 Billing 页的"$X added."与预设 chip 走的是前者 | ■ |
H-R10B-C-h	notes/r10b-raw-settings-billing.md	1415	`website/docs/user-guide/cli.md:231`:`personalities:`	| **H-R10B-C-h** | `website/docs/user-guide/cli.md:231`:`personalities:` | 文档 YAML 例子把 personalities 写在**顶层**;CLI / 网关 / TUI / 桌面四处运行时全部读 `agent.personalities`;顶层键在 `_OPEN_DICT_TOP_LEVEL_KEYS` 里所以校验通过、然后永远没人读 | ▲,且与 `features/personality.md:214` 自相矛盾 |
H-R10B-C-i	notes/r10b-raw-settings-billing.md	1416	`apps/desktop/README.md:133`:`Desktop supports a managed local backend, explicit remote gateways, and Hermes`	| **H-R10B-C-i** | `apps/desktop/README.md:133`:`Desktop supports a managed local backend, explicit remote gateways, and Hermes` | 只列三种连接模式,代码是四种(`apps/desktop/src/app/settings/gateway-settings.tsx:34` 的 `ssh`),而 ssh 恰是执行边界最不同的一种 | ◎(字面为真但显著保守) |
H-R10B-C-j	notes/r10b-raw-settings-billing.md	1417	`apps/shared/src/billing-types.ts:143`:`export type BillingPaymentMethod =`	| **H-R10B-C-j** | `apps/shared/src/billing-types.ts:143`:`export type BillingPaymentMethod =` | 类型注释明说 "`!card` 不等于没有支付方式",但桌面 `deriveBillingView` 的三处判断(`noCardNotice`/`paymentMethodRow`/`buyCreditsRow`)**只看 `billing.card`**;对 Link 客户会显示"No payment method on file"并禁用 Buy。**未定性**:老网关会整字段缺席,缺席时只能看 `card`,需要先确认网关版本矩阵才能判是不是缺陷 | 待定,需 R11 与网关侧一并判 |
H-R10B-C-k	notes/r10b-raw-settings-billing.md	1418	`hermes_cli/web_server.py:872`:`"model_context_length": {`	| **H-R10B-C-k** | `hermes_cli/web_server.py:872`:`"model_context_length": {` | `data/r8a-config-keys.tsv`(856 键)的口径是 `DEFAULT_CONFIG` 字面量,覆盖不到 Web 合成键与 `cli.py::load_cli_config()` 的另一棵默认树;桌面设置面用到的 101 个键里有 3 个在表外 | ◇,建议在 R8A 资产说明里补一句口径边界 |
H-R10B-C-l	notes/r10b-raw-settings-billing.md	1419	`apps/desktop/DESIGN.md:285`:`- Every user-facing string goes through \`useI18n()\` (\`src/i18n/context.tsx\`).`	| **H-R10B-C-l** | `apps/desktop/DESIGN.md:285`:`- Every user-facing string goes through \`useI18n()\` (\`src/i18n/context.tsx\`).` | 全称句被证伪:整个 Billing 页(含 `errors.ts` 18 条文案)、`uninstall-section.tsx`、`custom-endpoints-settings.tsx`、`computer-use-panel.tsx` 全是硬编英文 | ▲ |
H-R11A-A-a	notes/r11a-raw-install-release.md	1426	`hermes_cli/gateway.py:2096`:`_LEGACY_SERVICE_NAMES: tuple[str, ...] = ("hermes.service",)`	| H-R11A-A-a | `hermes_cli/gateway.py:2096`:`_LEGACY_SERVICE_NAMES: tuple[str, ...] = ("hermes.service",)` | CLI 的遗留 unit 扫描只认 `hermes.service` 这一个名字,而 `scripts/hermes-gateway` 写的是**当前名** `hermes-gateway.service`,ExecStart 也不匹配任何标记,于是这条冲突结构上无法被检出 | 后续若做「网关服务安装」专题,把 `hermes_cli/gateway.py` 的 unit 生命周期(install / migrate-legacy / 多 profile 后缀)整片读掉,并确认 `scripts/hermes-gateway` 是否应判为应删 |
H-R11A-A-b	notes/r11a-raw-install-release.md	1427	`scripts/install.sh:853` 的 `Hermes requires Node >=26`	| H-R11A-A-b | `scripts/install.sh:853` 的 `Hermes requires Node >=26` | 该行消息说需要 Node ≥26,同一行随即装 `$NODE_VERSION`=22;`scripts/install.ps1:1451` 同样措辞 | 若做「版本与兼容性」专题,把 Node/npm/Python 三条版本线在 install.sh / install.ps1 / node-bootstrap.sh / nix/lib.nix / package.json / pyproject.toml 六处的取值做一张全表 |
H-R11A-A-c	notes/r11a-raw-install-release.md	1428	`scripts/install.sh:1610` 的 `local _BROKEN_EXTRAS=()`	| H-R11A-A-c | `scripts/install.sh:1610` 的 `local _BROKEN_EXTRAS=()` | 三级降级梯的第二级("all minus known-broken")当前**等价于第一级**,因为坏 extra 列表是空的;这是一个留白的应急位,不是活的逻辑 | 读 `pyproject.toml` 的 extras 拓扑时一并核对 `[all]` 的成员与各平台 extra 的可解性 |
H-R11A-A-d	notes/r11a-raw-install-release.md	1429	`nix/checks.nix:36`:`packages.configKeys = configKeys;`	| H-R11A-A-d | `nix/checks.nix:36`:`packages.configKeys = configKeys;` | 一个 `packages.*` 输出定义在 `checks.nix` 里而不是 `packages.nix`,任何"只读 packages.nix 就以为拿全了输出面"的做法都会漏掉它 | 若后续要做 flake 输出面的求值式复核,以此为回归用例 |
H-R11A-A-e	notes/r11a-raw-install-release.md	1430	`scripts/dev-sandbox.sh:22`:`SANDBOX_ASSETS="${DEV_SANDBOX_ASSETS:-$SCRIPT_DIR/sandbox}"`	| H-R11A-A-e | `scripts/dev-sandbox.sh:22`:`SANDBOX_ASSETS="${DEV_SANDBOX_ASSETS:-$SCRIPT_DIR/sandbox}"` | 沙箱依赖 `scripts/sandbox/` 下四个资产(`proxy.py` `ssh-shim.sh` `openssl.cnf` `stage2-run.sh`),它们**不在本片清单里**,本片只交代了调用关系没读实现 | `scripts/sandbox/` 归哪一层需要在台账里确认;它是"安装器可验证性"的另一半 |
H-R11A-C-a	notes/r11a-raw-skills-calibration.md	1127	`agent/prompt_builder.py:1741`:`if not cat_desc:`	| H-R11A-C-a | `agent/prompt_builder.py:1741`:`if not cat_desc:` | bundled 树里 `skills/apple/DESCRIPTION.md` 无 front-matter,该类目在系统提示索引里**没有描述行**,且无任何日志;`optional-skills/` 里同形态还有 9 份 | 归入 ■ 台账;若后续轮做「静默失败」专题,这是一个 3 行可修的样本 |
H-R11A-C-b	notes/r11a-raw-skills-calibration.md	1128	`skills/software-development/hermes-agent-skill-authoring/SKILL.md:27`:`- You're editing an existing skill under`	| H-R11A-C-b | `skills/software-development/hermes-agent-skill-authoring/SKILL.md:27`:`- You're editing an existing skill under` | 该行(及另两份 SKILL.md 共 6 处)写死作者本机路径 `/home/bb/hermes-agent/`,随 `sync_skills()` 发到每个用户 | 归入 ■ 台账;与 N-2「无仓库级 SKILL.md 校验」同根 |
H-R11A-C-c	notes/r11a-raw-skills-calibration.md	1129	`agent/skill_utils.py:50`:`SKILL_SUPPORT_DIRS = frozenset(("references", "templates", "assets", "scripts"))`	| H-R11A-C-c | `agent/skill_utils.py:50`:`SKILL_SUPPORT_DIRS = frozenset(("references", "templates", "assets", "scripts"))` | 剪枝只认这四个名字;本片 `optional-skills/creative/baoyu-article-illustrator/prompts/` 不在其中,只是恰好没有 `SKILL.md` 才没出事 | R12 讲「渐进披露」时把这条不变量写进设计原则:**支撑目录名是一份白名单,不是模式** |
H-R11A-C-d	notes/r11a-raw-skills-calibration.md	1130	`website/scripts/extract-skills.py:446`:`"""Read the deprecated skills/index-cache/ snapshots — fallback only."""`	| H-R11A-C-d | `website/scripts/extract-skills.py:446`:`"""Read the deprecated skills/index-cache/ snapshots — fallback only."""` | 仓库内 `skills/index-cache/` 是文档站的降级快照,与运行时 `~/.hermes/skills/.hub/index-cache/` **同名不同物**;其中 `openai_skills_skills_.json` 已是 `[]` | 若后续轮排 `website/` 片,这条链的另一半(`build_skills_index.py` 的健康下限与 `deploy-site.yml` 吞退出码)值得接着查 |
H-R11A-C-e	notes/r11a-raw-skills-calibration.md	1131	`hermes_cli/mcp_catalog.py:300`:`Invalid manifests are skipped silently (CI tests catch them at PR time).`	| H-R11A-C-e | `hermes_cli/mcp_catalog.py:300`:`Invalid manifests are skipped silently (CI tests catch them at PR time).` | MCP 目录把「静默跳过」明确外包给 CI 契约测试;技能树没有对应的 CI 兜底 | R12 对比两套 opt-in 机制时用得上:**同一个「静默跳过」在有/无契约测试下是两种设计** |
H-R11B-B2-a	notes/r11b-raw-backlog-light.md	1516	`tools/computer_use/__init__.py:26`:`overlay if the backend did not).`	| **H-R11B-B2-a** | `tools/computer_use/__init__.py:26`:`overlay if the backend did not).` | 包的接线图列了一个全仓不存在的 `capture.py`(该行是它的续行),而它描述的 PNG 尺寸嗅探实际在 `tools/computer_use/tool.py:860`:`"""Return (width, height) for common inline screenshot formats.` 与 `tools/computer_use/cua_backend.py:946` **各写了一份**;需确认这是「计划中的拆分未发生」还是「拆完又被合回」 | 主线定案 ■-B2-01 时一并判;若入成品章,与 R4 章 §3.10 合并叙述 |
H-R11B-B2-b	notes/r11b-raw-backlog-light.md	1517	`hermes_cli/subcommands/memory.py:19`:`"Available providers: honcho, openviking, mem0, hindsight,\n"`	| **H-R11B-B2-b** | `hermes_cli/subcommands/memory.py:19`:`"Available providers: honcho, openviking, mem0, hindsight,\n"` | help 文本硬编码 7 个 provider,目录扫描实测 8 个(漏 `supermemory`);本片只查了这一处手抄名单,**未做全仓「provider 名单手抄本」普查**——`hermes_cli/config_defaults.py:1660`:`# "hindsight", "holographic", "retaindb", "byterover".` 的注释里还有一份同款 7 项名单 | 下一轮做一次 provider/toolset 名单手抄点普查,与 r8b 章 §4.3 的两份名单合并成一条跨轮结论 |
H-R11B-B2-c	notes/r11b-raw-backlog-light.md	1518	`agent/reasoning_timeouts.py:62`:`_REASONING_STALE_TIMEOUT_FLOORS: tuple[tuple[str, int], ...] = (`	| **H-R11B-B2-c** | `agent/reasoning_timeouts.py:62`:`_REASONING_STALE_TIMEOUT_FLOORS: tuple[tuple[str, int], ...] = (` | 这张 30 行静态表是「断连是否会触发压缩删历史」的唯一守门人(`agent/error_classifier.py:956`:`if get_reasoning_stale_timeout_floor(model) is not None:`),但**没有任何机制保证新推理模型上架时有人来加行**;需确认是否有 CI/脚本对着 models.dev 目录做覆盖检查 | 下一轮查 `models.dev` 目录同步链路(R8B 已知本容器该目录条目数为 0,需在有网环境判) |
H-R11B-B2-d	notes/r11b-raw-backlog-light.md	1519	`plugins/memory/honcho/oauth_flow.py:365`:`    if returned_state != state:`	| **H-R11B-B2-d** | `plugins/memory/honcho/oauth_flow.py:365`:`    if returned_state != state:` | CSRF state 用 `!=` 直接比,非常量时间;MCP 侧(r6 章 §3.8)记的是「SDK 生成并常量时间比对」。本片判**不构成可利用面**(state 是 `secrets.token_urlsafe(32)`、失败即抛、无重试预言机),但两套 OAuth 客户端在同一仓库里对同一问题给出了不同强度的答案 | 仅记录,不建议改;若 R12 装订时讲「两套 OAuth 的取舍」,此处是最锋利的对照点 |
H-R11B-B2-e	notes/r11b-raw-backlog-light.md	1520	`hermes_cli/subcommands/__init__.py:5`:`into one 3,300-line function. This package breaks that tree apart: each`	| **H-R11B-B2-e** | `hermes_cli/subcommands/__init__.py:5`:`into one 3,300-line function. This package breaks that tree apart: each` | 拆分只做了一半:42 个 builder 模块 vs `main()` 里仍内联的 16 个顶层组;本片按「弱 ▲」记(▲-B2-02),**是否计入跨轮 ▲ 计数交主线** | 主线定案 |
H-B1-b	notes/r11b-raw-backlog-r7b.md	2605	下一轮(代码缺陷复核位)	| H-B1-b | 下一轮(代码缺陷复核位) | `gateway/platforms/yuanbao_media.py:229`:`if response.is_redirect and response.next_request:` | ■-B1-07:全仓可能还有别的手写重定向守卫沿用 `next_request` 判定式。本片只核了共享助手的 4 个正确调用方与元宝这 1 个错误实现,**没有普查**「自己写 `is_redirect` 判定的地方」。搜索面建议:`--include=*.py` 搜 `is_redirect`,逐一判定是否经由共享助手。 |
H-B1-c	notes/r11b-raw-backlog-r7b.md	2606	下一轮	| H-B1-c | 下一轮 | `hermes_cli/config_defaults.py:4152`:`"QQ_SANDBOX": {` | ▲-B1-02 越出本片 12 文件:那份环境变量目录会驱动设置向导提示用户填什么,而其中至少 `QQ_SANDBOX` 一项无任何读取方。**这份目录整体有多少条是死的,本片没查**,建议作为一次独立普查(口径:目录里每个键在非目录、非文档处是否被读)。 |
H-B1-d	notes/r11b-raw-backlog-r7b.md	2607	下一轮	| H-B1-d | 下一轮 | `gateway/platforms/media_cache.py:33`:`but is intentionally NOT migrated here` | ◇-B1-01 是一条写在代码里的 follow-up,基线未清。**仓库里这类"写进注释的待办"有多少、多久没动**,是一个可量化的地图腐烂指标,本片没统计。 |
H-B1-e	notes/r11b-raw-backlog-r7b.md	2608	R11B 主线(台账)	| H-B1-e | R11B 主线(台账) | `gateway/platforms/media_cache.py:1`:`"""Shared mime↔extension dispatch for inbound (downloaded) platform media.` | 本片 12 个文件在 `data/ledger.tsv` 里的 `status` 仍是 `R7B-deep-read`(§0 第一个 verify 块的输出即证据),应更新为可翻译成「R11B 已补可溯源断言」的状态(如 `R11B-backlog-read`),否则下一轮读台账仍然读不出这笔账已经还了。**改台账不在本片产出清单内,交主线。** |
H-R11B-D-a	notes/r11b-raw-notes-citation-cleanup.md	591	`notes/r6-60-mcp-oauth-cleanup.md:58` 的 `mcp/client/auth/oauth2.py:66-69 @ mcp==1.28.1 site-packages`:锚点指向第三方 pip 包,基线里没有该文件,校验器恒记 MISSING-FILE(3 处)。笔记**已**用 ` 	| **H-R11B-D-a** | `notes/r6-60-mcp-oauth-cleanup.md:58` 的 `mcp/client/auth/oauth2.py:66-69 @ mcp==1.28.1 site-packages`:锚点指向第三方 pip 包,基线里没有该文件,校验器恒记 MISSING-FILE(3 处)。笔记**已**用 ` @ mcp==1.28.1 site-packages` 声明了非基线出处,校验器不读它 | 给 `scripts/verify_citations.py` 加一档:锚点的 ` @ ` 后缀不是基线 sha 时记 `NON-BASELINE`(计入分母、不阻断),沿用「声明,不靠嗅探」 |
H-R11B-D-b	notes/r11b-raw-notes-citation-cleanup.md	592	`notes/r3-10-approval-security.md:56` 的 `tools/approval.py:3754`:该文 15 个块是「每行以自己的行号开头」的行号栏体例,校验器无法比对,本片改标 ```text;实测行号栏 **102/103 准确**(§4.2 可重跑)	| **H-R11B-D-b** | `notes/r3-10-approval-security.md:56` 的 `tools/approval.py:3754`:该文 15 个块是「每行以自己的行号开头」的行号栏体例,校验器无法比对,本片改标 ```text;实测行号栏 **102/103 准确**(§4.2 可重跑) | 让校验器识别行号栏块(整块每行 `^\d+\s`),按每行自己声明的行号比对。落地后该文从"15 个块首行"变成"103 行全校验",是**净增**校验面 |
H-R11B-D-c	notes/r11b-raw-notes-citation-cleanup.md	593	`notes/r8d-02-coverage-audit.md:39` 的 `scripts/assign_layers.py:307-308`:自引**本仓库**脚本,该文件每轮增补都在变长,行号必然再漂(本轮已从 162 漂到 307)	| **H-R11B-D-c** | `notes/r8d-02-coverage-audit.md:39` 的 `scripts/assign_layers.py:307-308`:自引**本仓库**脚本,该文件每轮增补都在变长,行号必然再漂(本轮已从 162 漂到 307) | 定一条自引写法(只引符号名不引行号,或把自引锚点排除出行号校验) |
H-R11B-D-d	notes/r11b-raw-notes-citation-cleanup.md	594	`notes/r7-raw-session-py.md` 等 41 个文件里仍有 **1,334 / 3,314(40.3%)** 个锚点路径无法从仓库根解析(`run.py` 220、`__init__.py` 150、`base.py` 81);`notes/r6-10-honcho.md:677` 的 `plug	| **H-R11B-D-d** | `notes/r7-raw-session-py.md` 等 41 个文件里仍有 **1,334 / 3,314(40.3%)** 个锚点路径无法从仓库根解析(`run.py` 220、`__init__.py` 150、`base.py` 81);`notes/r6-10-honcho.md:677` 的 `plugins/memory/honcho/cli.py:1113` 证明裸名还会**碰巧解析到根上另一个真文件** | 排优先级:先补"有同名歧义"的那批(`__init__.py`/`base.py`),散文锚点缺内容判据,需人工或按小节上下文批处理 |
H-R11B-D-e	notes/r11b-raw-notes-citation-cleanup.md	595	`notes/r4-01-environment-abstraction.md:38` 的 `tools/environments/base.py:374`:原文贴的 docstring **基线全仓不存在**(§6.1 负结论搜索面已给),是转述被当逐字摘录;`notes/r4-30-browser-automati	| **H-R11B-D-e** | `notes/r4-01-environment-abstraction.md:38` 的 `tools/environments/base.py:374`:原文贴的 docstring **基线全仓不存在**(§6.1 负结论搜索面已给),是转述被当逐字摘录;`notes/r4-30-browser-automation.md` 另有一处把设计文档的话当成模块 docstring 引用 | 主线定案:是否作为"证据完整性"类发现单独记账(本片已按基线原文回抄,结论未动) |
H-R11B-D-f	notes/r11b-raw-notes-citation-cleanup.md	596	本片清理**新暴露** 51 处 `BLOCK-DRIFT`,清理前一处都没报过——因为 MISSING-FILE / MISMATCH 在前一层就把它挡住了(§3.3)	| **H-R11B-D-f** | 本片清理**新暴露** 51 处 `BLOCK-DRIFT`,清理前一处都没报过——因为 MISSING-FILE / MISMATCH 在前一层就把它挡住了(§3.3) | 记录为关卡性质:**失败是分层的,修好上层会长出下层**。片 C 对 `chapters/` 做同样的事时应预期同一现象 |
H-R11B-A-a	notes/r11b-raw-rulings-census.md	881	R11B 主线(本轮)	| **H-R11B-A-a** | R11B 主线(本轮) | `gateway/relay/media.py:94`:`return "/relay/media/" in (url or "")` | `■-R11A-01` 把 R9C 已证伪的修法(只比 `self._base_url`)重新写成结论;更正写法见 §3.6,**主线执行,本片不改** |
H-R11B-A-b	notes/r11b-raw-rulings-census.md	882	R11B 主线 / R12	| **H-R11B-A-b** | R11B 主线 / R12 | `hermes_cli/urllib_security.py:31`:`class SafeCredentialRedirectHandler(urllib.request.HTTPRedirectHandler):` | 仓库自带的正确修法在 R11A 全部产出里零提及(实测 3 份文件各 0 命中);它是 `■-R11A-01` 缺的那一层 |
H-R11B-A-c	notes/r11b-raw-rulings-census.md	883	R12 前置	| **H-R11B-A-c** | R12 前置 | `tui_gateway/methods_session.py:1800`:`@method("pet.generate")` | `H-R10B-a` 三处独立铸号中的一处,R11A 只结清了 `scripts/` 那一处;本条从未被任何轮处置,且因号已标结清而不会被发现 |
H-R11B-A-d	notes/r11b-raw-rulings-census.md	884	R12 前置	| **H-R11B-A-d** | R12 前置 | `apps/desktop/src/plugins/gateway-pill/plugin.tsx:350`:`const plugin: HermesPlugin = {` | 同上,`H-R10B-a` 的第三处铸号(R10B 片 H);插件未声明 `defaultEnabled`,同样随号被误判为已结清 |
H-R11B-A-e	notes/r11b-raw-rulings-census.md	885	R12 装订	| **H-R11B-A-e** | R12 装订 | `gateway/pairing.py:18`:`Storage: ~/.hermes/pairing/` | 同一条断言 R7C 记 ▲、R8A 记 ◇;跨轮 ▲ 计数被 CLAUDE.md 定义为「地图腐烂程度」指标,记号不一致使它不可比 |
H-R11B-A-f	notes/r11b-raw-rulings-census.md	886	R11B 主线(制度)	| **H-R11B-A-f** | R11B 主线(制度) | `hermes_cli/config.py:75`:`backup_path = config_path.with_name(f"{config_path.name}.corrupt.{ts}.bak")` | `CLAUDE.md:274` 的「静默抹掉」写于 R8-fix,R8C 已改判该定性,该句从未更新,并已被 R8D 两份底稿原样复用 |
H-R11B-A-g	notes/r11b-raw-rulings-census.md	887	R12 装订	| **H-R11B-A-g** | R12 装订 | `agent/file_safety.py:284`:`os.path.join("cache", "bws_cache.json"),` | R9C `■-1` 与 R9D `■-2` 是同一条(R9D 自陈「结清 R9C D 片 ■-1 在本片的部分」),跨轮 ■ 计数因此多算一条 |
H-R11B-A-h	notes/r11b-raw-rulings-census.md	888	R12 装订	| **H-R11B-A-h** | R12 装订 | `cron/scheduler.py:334`:`_running_job_ids: set = set()` | R7C 两份底稿互不通气各铸 `▲-1`,登记卷统成 `▲-4` —— 去重是本项目已有的动作,但只在轮内做过,没有跨轮别名表 |
H-R11C-D-f	reports/round-11c-pre-binding-cleanup.md	454	`reports/` 50 处 + `reviews/` 20 处可机械补全的锚点,在「正文不静默改写」「原文不改」两条制度下**无人可改**	| `H-R11C-D-f` | `reports/` 50 处 + `reviews/` 20 处可机械补全的锚点,在「正文不静默改写」「原文不改」两条制度下**无人可改** | `CLAUDE.md:372`:`- **异步产出的完成判定(R8-fix)**` | **R12 前置,需先裁定制度** |
H-R11C-D-a	reports/round-11c-pre-binding-cleanup.md	455	白名单又漏 ps1 / css / tsv 三种扩展名,16 处能解析却连分母都进不去	| `H-R11C-D-a` | 白名单又漏 ps1 / css / tsv 三种扩展名,16 处能解析却连分母都进不去 | `scripts/verify_citations.py:169`:`CITE_EXTS = "py\|mdx\|md\|yaml\|yml\|toml\|c\|h\|sh\|json\|tsx\|ts\|mjs\|js\|nix\|rs\|txt"` | 下一轮开工杂项 |
H-R11C-D-b	reports/round-11c-pre-binding-cleanup.md	456	`website/docs/**` 每份在 `zh-Hans` 下都有镜像,任何裸文档名恒有 ≥2 候选(264 处)	| `H-R11C-D-b` | `website/docs/**` 每份在 `zh-Hans` 下都有镜像,任何裸文档名恒有 ≥2 候选(264 处) | `scripts/verify_citations.py:169`:`CITE_EXTS = "py\|mdx\|md\|yaml\|yml\|toml\|c\|h\|sh\|json\|tsx\|ts\|mjs\|js\|nix\|rs\|txt"` | R12 前置 |
H-R11C-E-c	reports/round-11c-pre-binding-cleanup.md	457	全项目**没有任何关卡**覆盖「可复算指标的第二份手抄件」;判据已实现,建议收进 `scripts/`	| `H-R11C-E-c` | 全项目**没有任何关卡**覆盖「可复算指标的第二份手抄件」;判据已实现,建议收进 `scripts/` | `data/r11c/e-reversal-propagation-derived.py:1`:`#!/usr/bin/env python3` | 下一轮开工杂项 |
H-R11C-F-a	reports/round-11c-pre-binding-cleanup.md	458	章号重号 1 处 + 7 个章号从未被写出来过	| `H-R11C-F-a` | 章号重号 1 处 + 7 个章号从未被写出来过 | `chapters/r11b-the-unwritten-layer.md:255`:`- 平台接驳的主干在第十一章 ` | **R12 装订** |
H-R11C-F-b	reports/round-11c-pre-binding-cleanup.md	459	「章内数字 vs 本仓库另一份可计算数据」这个形状三条机械判据一条都没抓到	| `H-R11C-F-b` | 「章内数字 vs 本仓库另一份可计算数据」这个形状三条机械判据一条都没抓到 | `chapters/r1-what-is-hermes-agent.md:118`:`停在 `R1-inventoried`(= 只盘点过、没开工),即 8,530 − 8,122 = **408 个文件**被真正处理过。` | 与 `H-R11C-E-c` 同轮 |
H-R11C-E-a	reports/round-11c-pre-binding-cleanup.md	460	装订前必改的两处成品章数字(分层表、`:118` 错六倍)	| `H-R11C-E-a`/`-b` | 装订前必改的两处成品章数字(分层表、`:118` 错六倍) | `chapters/r1-what-is-hermes-agent.md:103`:`| **L1 机制精读** | harness 核心机制,要逐行读透、能凭笔记重实现 | 511 | 479,923 |` | **R12 装订** |
H-R11C-M-a	reports/round-11c-pre-binding-cleanup.md	461	治了症状未治根:要给**铸号**也定单一落点	| `H-R11C-M-a` | 治了症状未治根:要给**铸号**也定单一落点 | `data/r11c/probes/handover_census_r11c.py:113`:`pats = (f"r{rkey}-9*-*ruling*.md", f"r{rkey}-9*-*handover*.md")` | 落地铸号落点的那一轮 |
H-R11C-M-b	reports/round-11c-pre-binding-cleanup.md	462	135 行「认不出表头」现在可见但**未逐行判**	| `H-R11C-M-b` | 135 行「认不出表头」现在可见但**未逐行判** | `notes/r11c-90-handover-rulings.md:1`:`# r11c-90 · 主线卷:单一落点的验证、案号纪律违例、移交逐条处置` | 任一轮 |
H-R11C-M-c	reports/round-11c-pre-binding-cleanup.md	463	`H-R9B-f`/`H-R11A-d`/`H-R11B-f` 三条同族都卡在「本轮不扩共享环境」,已连续两轮维持不关闭	| `H-R11C-M-c` | `H-R9B-f`/`H-R11A-d`/`H-R11B-f` 三条同族都卡在「本轮不扩共享环境」,已连续两轮维持不关闭 | `notes/r11b-90-handover-rulings.md:388`:`| 移交项 | 去向 | 本轮处置 |` | **建议显式安排一次「装 extra 轮」** |
H-R11C-M-d	reports/round-11c-pre-binding-cleanup.md	464	70% 可校验比例下限与「元工作片」口径不匹配(本轮 65.9%)	| `H-R11C-M-d` | 70% 可校验比例下限与「元工作片」口径不匹配(本轮 65.9%) | `CLAUDE.md:178`:`- **可校验比例必报(R8A 建议 → R8C 定为必报项,下限 70% 不变)**:报告里报` | 下一轮裁定 |
H-R11C-A-b	reports/round-11c-pre-binding-cleanup.md	465	R8D 7 条通用号移交从未进任何账,规模是 `H-R10B-a` 的 3.5 倍	| `H-R11C-A-b` | R8D 7 条通用号移交从未进任何账,规模是 `H-R10B-a` 的 3.5 倍 | `notes/r8d-raw-provider-identity.md:2702`:`| H-1 | ` | 下一轮 |
H-R11C-B-f	reports/round-11c-pre-binding-cleanup.md	466	32 组合并的别名表**尚未落成可查的索引文件**;拿着 `H-7` 仍走不到卷宗	| `H-R11C-B-f` | 32 组合并的别名表**尚未落成可查的索引文件**;拿着 `H-7` 仍走不到卷宗 | `notes/r11c-raw-dedup-82.md:1`:`# r11c-raw-dedup-82 · 92 簇逐簇裁决` | R12 前置 |
H-R11C-D-c	notes/r11c-raw-anchor-resolution.md	844	**「解析成功」是假保证**:1,543 处裸锚点解析到仓库根上的同名文件,而根上那 11 个名字在树的别处都还有同名(`cli.py` 1,344 处 / 根 18,555 行 / 别处 7 个)。本片改正 60 处、点名留下 19 处;**任何现有关卡都发现不了这一类**。留下的 19 处见 `data/r11c/	| **H-R11C-D-c** | **「解析成功」是假保证**:1,543 处裸锚点解析到仓库根上的同名文件,而根上那 11 个名字在树的别处都还有同名(`cli.py` 1,344 处 / 根 18,555 行 / 别处 7 个)。本片改正 60 处、点名留下 19 处;**任何现有关卡都发现不了这一类**。留下的 19 处见 `data/r11c/d-anchor-resolution-shadow-fix.py` 干跑输出 | 给关卡加一档**非阻断提示**:裸文件名锚点若其 basename 在基线里 >1 个,打印「疑似根遮蔽」。判据现成,见 `data/r11c/d-anchor-resolution-rootshadow.py` |
H-R11C-D-d	notes/r11c-raw-anchor-resolution.md	845	**859 处同名歧义一处没猜**:`__init__.py` 156 处 / 基线 **171 个**候选、`base.py` 剩余 95 处 / 9 个候选。其中 **103 处**用「候选必须长到有这一行」已能定到唯一候选、只差内容判据没过,**519 处**长度也定不了。逐条明细:`data/r11c/d-an	| **H-R11C-D-d** | **859 处同名歧义一处没猜**:`__init__.py` 156 处 / 基线 **171 个**候选、`base.py` 剩余 95 处 / 9 个候选。其中 **103 处**用「候选必须长到有这一行」已能定到唯一候选、只差内容判据没过,**519 处**长度也定不了。逐条明细:`data/r11c/d-anchor-resolution-fix2-left.tsv:1`:`file	line	anchor	reason` | 那 103 处值得人工过一遍(长度已定,只欠一眼确认);519 处需按小节上下文批处理,不要机械改 |
H-R11C-D-e	notes/r11c-raw-anchor-resolution.md	846	**成品章 10 处违反硬标准 8**(不写裸文件名):`chapters/r7b-platform-integration.md:226`:`gateway/platforms/base.py` 起 8 处 `base.py:5584`…`:5746`、`chapters/r8b-cli-trunk-and-inte	| **H-R11C-D-e** | **成品章 10 处违反硬标准 8**(不写裸文件名):`chapters/r7b-platform-integration.md:226`:`gateway/platforms/base.py` 起 8 处 `base.py:5584`…`:5746`、`chapters/r8b-cli-trunk-and-interaction.md:197` 的 `server.py:5811`、`chapters/r9a-capability-organization.md:430` 的 `creating-skills.md:178`。**本轮只报不改** | 前 9 处的目标已由长度判据定死(§3.5 那张表),R12 装订时照抄即可;第 10 处是 H-R11C-D-b 那个镜像歧义,需作者判 |
H-R11C-D-g	notes/r11c-raw-anchor-resolution.md	848	**片 C 的 31 份里还有 143 处**可机械补全锚点(硬边界,本片一处没碰);另有 `notes/` 里 **89 处在围栏块内、16 处在引用块内**,本片按「块内不改」的规矩一律没动	| **H-R11C-D-g** | **片 C 的 31 份里还有 143 处**可机械补全锚点(硬边界,本片一处没碰);另有 `notes/` 里 **89 处在围栏块内、16 处在引用块内**,本片按「块内不改」的规矩一律没动 | 31 份那批下一轮直接跑 `data/r11c/d-anchor-resolution-fix.py`(判据与本片相同);块内那 105 处需逐块判「这是逐字摘录还是笔记自己的话」,不可批处理 |
H-R11C-D-h	notes/r11c-raw-anchor-resolution.md	849	`notes/r9a-h-r8d-ef-surveys.md:408`:`skills/.../google-workspace/scripts/gws_bridge.py:54` —— 3 处省略中段的路径写在一个 ```` ```text ```` 手工列宽对齐表里,补全会破坏对齐;真实路径已查明(`skills/	| **H-R11C-D-h** | `notes/r9a-h-r8d-ef-surveys.md:408`:`skills/.../google-workspace/scripts/gws_bridge.py:54` —— 3 处省略中段的路径写在一个 ```` ```text ```` 手工列宽对齐表里,补全会破坏对齐;真实路径已查明(`skills/productivity/google-workspace/scripts/gws_bridge.py` 等) | 连同该表整体重排一次,或改为表格 |
H-R11C-D-i	notes/r11c-raw-anchor-resolution.md	850	**`vc.citations()` 无左侧 lookbehind**,于是绝对路径被从中间切一刀:`notes/r8c-raw-boot-authchain.md:60` 的 `/home/user/hermes-venv/.../applications.py:4723` 被解析成 `home/user/…`,在统	| **H-R11C-D-i** | **`vc.citations()` 无左侧 lookbehind**,于是绝对路径被从中间切一刀:`notes/r8c-raw-boot-authchain.md:60` 的 `/home/user/hermes-venv/.../applications.py:4723` 被解析成 `home/user/…`,在统计里与「写错的相对路径」无法区分(全语料 12 处) | 给 `CITE` 加一条与 `CITE_EXTLESS` 同款的 lookbehind,并对以 `/` 开头的锚点单列一档 `ABSOLUTE`(计入分母、不阻断),与 H-R11B-D-a 的 `NON-BASELINE` 一档同源 |
H-R11C-C-a	notes/r11c-raw-bad-evidence.md	501	`scripts/verify_evidence_commands.py:101` 的 `NOFENCE` —— 块正文里出现**字面三反引号**时,`NOFENCE = (?:(?!```).)*?` 会把块截断在那里,于是一个本来配对的块被记成未配对,再拿半截命令去跑	| `H-R11C-C-a` | `scripts/verify_evidence_commands.py:101` 的 `NOFENCE` —— 块正文里出现**字面三反引号**时,`NOFENCE = (?:(?!```).)*?` 会把块截断在那里,于是一个本来配对的块被记成未配对,再拿半截命令去跑 | 需要改 `scripts/`(本片无权)。本轮两处已通过改脚本写法(`chr(96) * 3`)绕开,全语料现为 0(判据与负控见 `data/r11c/c-bad-evidence-innerfence.py`),但成因在关卡里,**下一个写自查脚本的人会再踩**。建议给 `NOFENCE` 加「闭栏必须独占一行」的约束 |
H-R11C-C-b	notes/r11c-raw-bad-evidence.md	502	`notes/r10-raw-ui-tui-core.md:341`:`	| `H-R11C-C-b` | `notes/r10-raw-ui-tui-core.md:341`:`| sed -E "s/.*'([a-z_.]+)'/\1/" | sort -u | tee /tmp/handled.txt | wc -l` —— 生产者带 `tee` 被判 MUTATING **永不跑**,消费块每次都跑,于是消费块必然 `FileNotFoundError` | 本轮已把该消费块改成自足。**任何跨块临时文件在这套关卡下都是这个形状**,建议写进下一轮派工书:证据块不得依赖另一个块产生的文件 |
H-R11C-C-c	notes/r11c-raw-bad-evidence.md	503	`notes/r9a-h-r8d-c-env-loader-lock.md:515`:`[场景1] 只 hydrate 了 homeB` —— R9A 五个场景探针的**脚本从未进过版本控制**(全仓无 `data/r9a/`),这些读数在任何新容器里都不可重跑	| `H-R11C-C-c` | `notes/r9a-h-r8d-c-env-loader-lock.md:515`:`[场景1] 只 hydrate 了 homeB` —— R9A 五个场景探针的**脚本从未进过版本控制**(全仓无 `data/r9a/`),这些读数在任何新容器里都不可重跑 | 本轮已如实声明为不可重跑。若后续轮要再用 ■-R9A-01 / ■-R9A-02 这两条定案,**必须先重写探针**;现有读数只能当线索,不能当证据 |
H-R11C-C-d	notes/r11c-raw-bad-evidence.md	504	`notes/r9a-raw-verification.md:1577`:`... (建 p,package.json 内容为 "{}" —— 无 scripts) ...` 与 `notes/r9a-raw-skills-agent-side.md:2602`:`cd /home/user/hermes-agent 	| `H-R11C-C-d` | `notes/r9a-raw-verification.md:1577`:`... (建 p,package.json 内容为 "{}" —— 无 scripts) ...` 与 `notes/r9a-raw-skills-agent-side.md:2602`:`cd /home/user/hermes-agent && HERMES_HOME=$SC/h4` —— 省略号吃掉的不只是前言,还有产生输出的 `print` / 脚手架内容,重建必须猜 | 已声明不可重跑。规则建议:**证据块里的省略号只能省「已在同一份底稿别处逐字写过」的部分**,否则等于把命令删了一半 |
H-R11C-C-e	notes/r11c-raw-bad-evidence.md	505	`scripts/verify_evidence_commands.py:121`:`REDIRECT_WRITE = re.compile(r"(?<![0-9<>])>\s*(?!/dev/null)[^\s	| `H-R11C-C-e` | `scripts/verify_evidence_commands.py:121`:`REDIRECT_WRITE = re.compile(r"(?<![0-9<>])>\s*(?!/dev/null)[^\s|&;]+")` —— 输出里一个 `->`(如 `get_secret_source -> 'bitwarden'`)就被读成写重定向,整块判 MUTATING、**永不执行**;`notes/r9a-h-r8d-c-env-loader-lock.md:499` 与 `notes/r9a-raw-verification.md` §7.5 (a) 两块正是这样躲过 55 的 | 需要改 `scripts/`。建议给 `REDIRECT_WRITE` 排除 `->`;**改之前先量一遍全语料会新增多少 RUNFAIL**,按 R7C→R8A 那套
H-R11C-C-f	notes/r11c-raw-bad-evidence.md	506	5 处**配对块**漂移,见 §4 表(如 `notes/r10b-raw-settings-billing.md:358`:`python3 data/r10b/probes/probe_c_billing_codes.py /home/user/hermes-agent` 贴 3 行、实跑 37 行)	| `H-R11C-C-f` | 5 处**配对块**漂移,见 §4 表(如 `notes/r10b-raw-settings-billing.md:358`:`python3 data/r10b/probes/probe_c_billing_codes.py /home/user/hermes-agent` 贴 3 行、实跑 37 行) | **不在片 C 的 55 口径内,本片未改**。它们是「贴进底稿的输出被手工裁剪」这一类,和本片修的是两个测量。建议单独立项,处置时注意其中 `lib-themes:1831` 是**配对的**死路径块,与本片批次 2 同源 |
H-R11C-B-a	notes/r11c-raw-dedup-82.md	655	R12 装订	| **H-R11C-B-a** | R12 装订 | `hermes_constants.py:114`:`def get_hermes_home() -> Path:` | C40 那一族:`sticker_cache`(R7C ◇-4)、`DebugSession`(R9D ■-6)、`HOOKS_DIR`(R7C ◇3)三条独立定案是**同一形态在三个子系统各犯一次**,R12 应合成一节而不是散在三章 |
H-R11C-B-b	notes/r11c-raw-dedup-82.md	656	片 A / R11 复盘	| **H-R11C-B-b** | 片 A / R11 复盘 | `cron/scheduler.py:2663`:`def _scan_assembled_cron_prompt(` | 第二物种漏网一例:R9A `◇-5` 与 R7C `◇-5` 同号不同实体,两者锚点都落在本文件邻近处 |
H-R11C-B-c	notes/r11c-raw-dedup-82.md	657	片 A / R11 复盘	| **H-R11C-B-c** | 片 A / R11 复盘 | `tools/xai_http.py:324`:`base_url = str(get_env_value("XAI_BASE_URL") or "https://api.x.ai/v1").strip().rstrip("/")` | 第二物种漏网二例:R9C `■-7`(本行不校验)与 R9D `■-7`(`x_search` 异常穿出工具边界)同号不同实体 |
H-R11C-B-d	notes/r11c-raw-dedup-82.md	658	改探针的那一轮	| **H-R11C-B-d** | 改探针的那一轮 | `agent/lsp/manager.py:486`:`fresh = await client.wait_for_diagnostics(file_path, version, mode=self._wait_mode)` | `rulings_census.py` 的 `is_decl()` 用子串匹配判声明位,于是 `| ■11 | … |` 这一行同时被记成 `■11` 与 `■1`;方向是让案号总数偏高 |
H-R11C-B-e	notes/r11c-raw-dedup-82.md	659	R12 装订	| **H-R11C-B-e** | R12 装订 | `hermes_cli/pairing.py:96`:`"  To reset sooner, delete the '_lockout:{0}' entry from "` | C16 的 `■-24` 与 M-4 的 `◇6` **前半重合、后半不重合**(◇6 只说硬编码新版路径,■-24 还说 GUI 无恢复提示);本片按 R-5 判不合并,但这是 32 组之外**唯一一处需要人再看一眼**的边界情形 |
H-R11C-A-a	notes/r11c-raw-id-collisions.md	791	R12 前置(制度)	| **H-R11C-A-a** | R12 前置(制度) | `scripts/verify_citations.py:169 @ 25c612f`:`CITE_EXTS = "py\|mdx\|md\|yaml\|yml\|toml\|c\|h\|sh\|json\|tsx\|ts\|mjs\|js\|nix\|rs\|txt"` | `tsv` 不在锚点白名单,指向 `data/ledger.tsv` 某行的锚点既不校验也不计数(全语料实测 **1 处**,在 R10B 主线移交表);要不要补由下一轮定,补则连同全语料前后对比一起补 |
H-R11C-A-c	notes/r11c-raw-id-collisions.md	793	R12 装订	| **H-R11C-A-c** | R12 装订 | `notes/r10b-raw-capability-panels.md:1045` 的 `### ▲-H-2 —— ` | 片内定案号写成 `▲-H-2` / `■-H-3`,与移交号 `H-2` / `H-3` 在纯文本里无法区分,已污染撞号普查 3 个实体;建议统一为 `▲-R10B-H-2` 形式 |
H-R11C-A-d	notes/r11c-raw-id-collisions.md	794	R12 前置(方法论)	| **H-R11C-A-d** | R12 前置(方法论) | `data/r11c/a-id-collisions-coverage.py:57`:`CENSUS_FILES = frozenset({` | 「某案子被处置过没有」这类测量会被**上一轮的普查清单**污染:`H-R10B-a` 两个实体在不剔除读数下被判 COVERED,而点名它们的正是 R11B 那份「它们没被处置」的清单。R12 若再做同类普查,必须报剔除与不剔除两个读数 |
H-R11C-F-c	notes/r11c-raw-pre-binding-inventory.md	551	第 13 章把 `urllib_security` 的覆盖缺口记 ◇,而 R9D 已就同一处**新立 ■**(跨源 302 实测泄漏 Bearer);第 13 章 §5 的合计行因此也是按旧定案统计的	| **H-R11C-F-c** | 第 13 章把 `urllib_security` 的覆盖缺口记 ◇,而 R9D 已就同一处**新立 ■**(跨源 302 实测泄漏 Bearer);第 13 章 §5 的合计行因此也是按旧定案统计的 | `chapters/r8d-self-custody.md:328`:`代价是这个保护**只在 4 个文件 5 处采用**,而全仓有 60 多个裸 ` | R12 装订时升级标记;**不要直接改 §5 合计数**(它是「本簇」口径、跨轮可比),建议加脚注 |
H-R11C-F-d	notes/r11c-raw-pre-binding-inventory.md	552	同一个「`urllib_security` 采纳率」被两章用两种口径各报一次(第 13 章 5 处/60 多;第 16 章 2 个/25),**两章都没写自己的口径**	| **H-R11C-F-d** | 同一个「`urllib_security` 采纳率」被两章用两种口径各报一次(第 13 章 5 处/60 多;第 16 章 2 个/25),**两章都没写自己的口径** | `chapters/r9c-external-interfaces.md:22`:`307/308 语义、防 addheaders 绕过)。全仓 25 个"自拼凭据头 + 标准库发出去"的调用点里,` | R12 补口径或统一;这是 CLAUDE.md「同一指标多次/多方法测量必须分别标注」在**跨章**场景下的第一例 |
H-R11C-E-b	notes/r11c-raw-reversal-propagation.md	744	R12 装订前(**必须**)	| **H-R11C-E-b** | R12 装订前(**必须**) | `chapters/r1-what-is-hermes-agent.md:118 @ 25c612f`:`**不**回答"它学过没有"。后者在台账的 `status` 列里,当前仍有 **8,122 个文件 / 2,236,870 行**` —— 真值 5,944 / 1,495,470;由它推出的「408 个文件被真正处理过」真值是 2,586,**错了六倍**,且这是「全仓无黑洞」的唯一可观测指标 |
H-R11C-E-d	notes/r11c-raw-reversal-propagation.md	746	接手派工书模板的那一轮	| **H-R11C-E-d** | 接手派工书模板的那一轮 | `data/r10/dispatch-brief.md:52`:`  而漏掉的那个会在坏 YAML 下把用户的审批黑名单静默抹掉。` —— 把 R8C 已推翻的「静默」定性写进了派工书;R10B 起该段被改写、那半句是**掉了**而不是**被改正**,故机制上仍会复发 |
H-R11C-E-e	notes/r11c-raw-reversal-propagation.md	747	修锚点的那一轮(与片 D 同族)	| **H-R11C-E-e** | 修锚点的那一轮(与片 D 同族) | `notes/r11b-raw-rulings-census.md:783`:`| 「H-R8D-c 后果更轻」 | `notes/r9a-h-r8d-c-env-loader-lock.md:700` 的 `「后果更轻」的前提被推翻` | `后果更轻` / `_SECRET_SOURCES` 在 R9B 及以后 | **0 命中**:R9B 的引用是在改锚点行号,不涉及定性 |` —— 表内锚点 `:700` 的真实位置是 `:730`,差 30 行;它至今记 TABLE-UNCHECKED,**R11B / R11C 两轮引用关卡都没读过它** |
H-R11C-E-f	notes/r11c-raw-reversal-propagation.md	748	下一次做同类普查的那一轮	| **H-R11C-E-f** | 下一次做同类普查的那一轮 | `data/r11c/e-reversal-propagation-scan.py:105`:`def ledger_lines():` —— 定案级改判行普查在 `CLAUDE.md` 上报 **0 行**,而那里确有一条改判(`CLAUDE.md:351` 的 R11B 更正):判据要求带案号或记号,而制度文件的改判**不带号**。与 R11C 主线在 `CLAUDE.md` 里记的「认不出表头的表必须以 UNCLASSIFIED 出现」同一物种 |
