notes/r10-raw-native-vendor.md	E-runtime	SyntaxError: unterminated string literal (detected at line 13)	cd /home/user/hermes-study && python3 - <<'PY' import re from pathlib import Path note = Path('notes/r10-raw-native-vendor.md').read_text().splitlines
notes/r10-raw-ui-tui-components.md	B-deadpath	ls: cannot access 'src/lib/': No such file or directory	# ◇1/◇2 复核(bash,在 /home/user/hermes-agent/ui-tui 下跑;不落临时文件) # 只在磁盘上、README File map 未列的组件(应打出 12 个) comm -13 <(sed -n '377,401p' README.md | grep -oE 
notes/r10-raw-ui-tui-core.md	B-deadpath	FileNotFoundError: [Errno 2] No such file or directory: '/tmp/handled.txt'	cd /home/user/hermes-agent python3 - <<'PY' import re, glob # 1) tui_gateway 直接发出的事件名(_emit/_event_frame/_block/_broadcast_global_event/_voice_emit,含跨
notes/r10b-raw-build-package.md	B-deadpath	ls: cannot access 'apps/desktop/../scripts/dev-sandbox.sh': No such file or directory	cd /home/user/hermes-agent && git ls-files | grep -i dev-sandbox # scripts/dev-sandbox.sh cd /home/user/hermes-agent && ls apps/desktop/../scripts/dev
notes/r10b-raw-build-package.md	B-deadpath	bash: line 2: cd: apps/desktop: No such file or directory	# 通用形式:在任意已 `npm ci`(仓库根)的 hermes-agent 检出里执行 —— cd apps/desktop && npx vitest run --project electron scripts/ # 本轮实测用的是主线备好的、基线之外的副本(避免在只读基线里产生 node 
notes/r10b-raw-build-package.md	B-deadpath	bash: line 1: cd: apps/desktop: No such file or directory	cd apps/desktop && npx vitest run --project electron # Test Files 78 passed | 1 skipped (79) # Tests 938 passed | 2 skipped (940)
notes/r10b-raw-capability-panels.md	B-deadpath	bash: line 1: cd: /home/user/r10b-ts/hermes-agent/apps/desktop: No such file or directory	cd /home/user/r10b-ts/hermes-agent/apps/desktop && npx vitest run --project ui src/contrib src/plugins src/app/contrib src/app/skills src/app/starmap
notes/r10b-raw-capability-panels.md	B-deadpath	bash: line 1: cd: /home/user/r10b-ts/hermes-agent/apps/desktop: No such file or directory	cd /home/user/r10b-ts/hermes-agent/apps/desktop && npx vitest run --project ui src/app/skills/index.test.tsx
notes/r10b-raw-chat-composer.md	OTHER	Please check for typing mistakes in the pattern.	cd /home/user/r10b-ts/hermes-agent/apps/desktop npx eslint $(sed 's|^apps/desktop/||' /home/user/hermes-study/data/r10b/slices/A.txt | tr '\n' ' ')
notes/r10b-raw-chat-composer.md	OTHER	    at CAC.run (file:///root/.npm/_npx/69c381f8ad94b576/node_modules/vitest/dist/chunks/cac.DdICfEr1.js:2318:2	cd /home/user/r10b-ts/hermes-agent/apps/desktop npx vitest run --project ui src/app/chat/composer src/app/chat/right-rail \ src/app/chat/hooks src/app
notes/r10b-raw-i18n-l3.md	E-runtime	Node.js v22.22.2	# 需要一个装了 typescript 的 checkout 提供 NODE_PATH(R10B 的 TS 副本即可) NODE_PATH=/home/user/r10b-ts/hermes-agent/node_modules \ node /home/user/hermes-study/data
notes/r10b-raw-i18n-l3.md	B-deadpath	bash: line 1: cd: /home/user/r10b-ts/hermes-agent/apps/desktop: No such file or directory	cd /home/user/r10b-ts/hermes-agent/apps/desktop && npx vitest run --project ui src/i18n/
notes/r10b-raw-lib-themes.md	B-deadpath	bash: line 1: cd: /home/user/r10b-ts/hermes-agent/apps/desktop: No such file or directory	cd /home/user/r10b-ts/hermes-agent/apps/desktop && npx vitest run --project ui --testTimeout=180000 src/lib/markdown-blocks.test.ts # Test Files 1 pas
notes/r10b-raw-message-render.md	B-deadpath	bash: line 1: cd: /home/user/r10b-ts/hermes-agent/apps/desktop: No such file or directory	cd /home/user/r10b-ts/hermes-agent/apps/desktop && npx vitest run --project ui \ src/components/assistant-ui src/components/chat src/app/right-sidebar
notes/r10b-raw-message-render.md	B-deadpath	grep: src/app/right-sidebar: No such file or directory	# 目录下的测试文件总数,应等于 vitest 报的 53 cd /home/user/r10b-ts/hermes-agent/apps/desktop && \ find src/components/assistant-ui src/components/chat src/app/right-
notes/r10b-raw-pane-shell-ui.md	OTHER	    at CAC.run (file:///root/.npm/_npx/69c381f8ad94b576/node_modules/vitest/dist/chunks/cac.DdICfEr1.js:2318:2	cd /home/user/r10b-ts/hermes-agent/apps/desktop npx vitest run --project ui src/components/pane-shell src/components/ui src/app/shell
notes/r10b-raw-settings-billing.md	OTHER	    at CAC.run (file:///root/.npm/_npx/69c381f8ad94b576/node_modules/vitest/dist/chunks/cac.DdICfEr1.js:2318:2	cd /home/user/r10b-ts/hermes-agent/apps/desktop npx vitest run --project ui \ src/app/settings src/app/profiles src/app/gateway/hooks \ src/lib/gatewa
notes/r10b-raw-settings-billing.md	B-deadpath	grep: apps/shared/src: No such file or directory	cd /home/user/r10b-ts/hermes-agent grep -rn "describe\.skip\|it\.skip\|test\.skip\|\.todo(" \ apps/desktop/src/app/settings apps/desktop/src/app/profi
notes/r10b-raw-shell-overlays.md	B-deadpath	bash: line 1: cd: /home/user/r10b-ts/hermes-agent/apps/desktop: No such file or directory	cd /home/user/r10b-ts/hermes-agent/apps/desktop && npx vitest run --project ui \ src/app/artifacts/index.test.ts src/app/cron/blueprints.test.ts src/a
notes/r10b-raw-store-state.md	B-deadpath	bash: line 1: cd: /home/user/r10b-ts/hermes-agent/apps/desktop: No such file or directory	cd /home/user/r10b-ts/hermes-agent/apps/desktop && npx vitest run --project ui src/store
notes/r11b-raw-notes-citation-cleanup.md	E-runtime	SyntaxError: unterminated string literal (detected at line 5)	cd /home/user/hermes-study && python3 - <<'PY' import re from pathlib import Path REPO = Path("/home/user/hermes-agent") GUT = re.compile(r"^(\d{1,6})
notes/r3-90-doc-conflict-rulings.md	B-deadpath	bash: line 6: ./website/i18n/zh-Hans/docusaurus-plugin-content-docs/current/user-guide/security.md: No such fi	$ grep -rn UNRECOVERABLE_BLOCKLIST tools/ agent/ model_tools.py ; echo "exit=$?" exit=1 # 零命中 $ grep -rln UNRECOVERABLE_BLOCKLIST . ./website/docs/use
notes/r7b-90-doc-conflict-rulings.md	OTHER	bash: -c: line 2: `3745:    async def send_slash_confirm('	$ grep -nE "def (send_clarify|send_slash_confirm)" gateway/platforms/base.py 3745: async def send_slash_confirm( 3780: async def send_clarify( $ grep 
notes/r7b-90-doc-conflict-rulings.md	B-deadpath	bash: line 7: ./plugins/platforms/discord/adapter.py: No such file or directory	$ grep -rln "max_inbound_media_bytes" website/ docs/ *.md ; echo "exit=$?" exit=1 # 零命中;该键只出现在 .py 里 $ grep -rln "max_inbound_media_bytes" --include=*
notes/r8b-90-handover-rulings.md	B-deadpath	bash: line 7: ./hermes_cli/credential_lifecycle.py:174: No such file or directory	$ grep -rn "atomic_yaml_write(config_path\|atomic_yaml_write(get_config_path" --include=*.py . | grep -v "^./tests/" ./hermes_cli/auth.py:7329 ./herme
notes/r8c-raw-boot-authchain.md	OTHER	bash: -c: line 1: `1. 环境变量 HERMES_RESTART_DRAIN_TIMEOUT(非空即用)'	1. 环境变量 HERMES_RESTART_DRAIN_TIMEOUT(非空即用) 2. config.yaml 的 agent.restart_drain_timeout 3. DEFAULT_CONFIG["agent"]["restart_drain_timeout"] = 0 → 全部经 
notes/r8c-raw-boot-authchain.md	OTHER	bash: -c: line 2: `              这样 App 主进程也能代用户调 /api/*(它拿得到 token)。'	桌面 App 场景:App 主进程自己造 token,通过 HERMES_DASHBOARD_SESSION_TOKEN 注入子进程, 这样 App 主进程也能代用户调 /api/*(它拿得到 token)。 纯 CLI 场景: 环境变量为空 → secrets.token_urlsafe(32) 
notes/r8c-raw-config-endpoints.md	A-spliced	bash: line 13: 只在: command not found	$ HERMES_HOME=$(mktemp -d) python -c "from hermes_cli.web_server import CONFIG_SCHEMA; ..." CONFIG_SCHEMA fields = 680 DEFAULT_CONFIG leaves = 680 # 完
notes/r8c-raw-config-endpoints.md	A-spliced	bash: line 4: lifetime_seconds: command not found	custom_providers in DEFAULT_CONFIG? False # 例子成立 'personalities' in DEFAULT_CONFIG True # 但它在**顶层**,不是 agent 下 'personalities' in DEFAULT_CONFIG['agen
notes/r8c-raw-platform-readiness.md	OTHER	bash: -c: line 5: `           · gateway/config.py                      真值 + 启用闸门(13 行)      13'	搜索范围:基线仓库根,全部 *.py,排除 __pycache__。 模式 1: grep -rn 'is_connected' --include=*.py . → 命中 93 处。归类: · gateway/platform_registry.py:64 字段定义 1 · gateway/con
notes/r8c-raw-platform-readiness.md	OTHER	bash: -c: line 3: `        逐个查看:全部是单平台适配器测试(discord/google_chat/msgraph/ntfy/raft/'	搜索范围:tests/ 全树,*.py。 模式 1: grep -rl 'is_connected' tests/ → 13 个文件 逐个查看:全部是单平台适配器测试(discord/google_chat/msgraph/ntfy/raft/ simplex/slack/voice)或注册表/接口
notes/r8c-raw-sessions-cron-mcp.md	A-spliced	bash: line 6: 没有提: command not found	搜索面:grep -rn "import-upload\|backup/download" --include=*.md . → 0 命中 find . -name "*.md" -not -path "*/node_modules/*" | wc -l → 1492 文档现状:website/do
notes/r8d-raw-update-pipeline.md	B-deadpath	ls: cannot access '.gitmodules': No such file or directory	cd /home/user/hermes-agent && ls -a .gitmodules; echo "(b) 总数=$(grep -rn "submodule" --include=*.py --include=*.sh --include=*.ps1 . 2>/dev/null | gre
notes/r9a-h-r8d-c-env-loader-lock.md	A-spliced	bash: line 16: 76: command not found	cd /home/user/hermes-agent && /home/user/hermes-venv/bin/python - <<'PY' import ast tree = ast.parse(open("hermes_cli/env_loader.py").read()) for n in
notes/r9a-h-r8d-c-env-loader-lock.md	OTHER	bash: -c: line 1: `[场景1] 只 hydrate 了 homeB;_SECRET_SOURCES = {'NOTION_TOKEN': 'bitwarden'}(没有 home 维度)'	[场景1] 只 hydrate 了 homeB;_SECRET_SOURCES = {'NOTION_TOKEN': 'bitwarden'}(没有 home 维度) [场景1] MCP stdio 子进程 env = {'PATH': '/usr/bin', 'NOTION_TOKEN': 'sh
notes/r9a-h-r8d-c-env-loader-lock.md	B-deadpath	bash: line 2: [场景2/无锁: No such file or directory	[场景2/无锁 _apply_external_secret_sources] homeA 快照 = {'EXPB1_API_KEY': 'B-value', 'EXPB2_API_KEY': 'B-value', 'EXPB3_API_KEY': 'B-value'} [场景2/无锁 _apply
notes/r9a-h-r8d-c-env-loader-lock.md	B-deadpath	bash: line 2: [场景2/有锁: No such file or directory	[场景2/有锁 hydrate_profile_secret_sources] homeA 快照 = {'EXPB1_API_KEY': 'A-value', 'EXPB2_API_KEY': 'A-value', 'EXPB3_API_KEY': 'A-value'} [场景2/有锁 hydrat
notes/r9a-h-r8d-c-env-loader-lock.md	OTHER	bash: -c: line 2: `[场景3] 单次 cron 作业(vault 往返桩 50 ms):探针取 114 次 safe_env,vault 凭据缺席 39 次,缺席窗口宽度 49.3 ms'	[场景3] 稳态自证:safe_env 含 ['EXPW1_API_KEY', 'EXPW2_API_KEY'] [场景3] 单次 cron 作业(vault 往返桩 50 ms):探针取 114 次 safe_env,vault 凭据缺席 39 次,缺席窗口宽度 49.3 ms
notes/r9a-h-r8d-c-env-loader-lock.md	OTHER	bash: -c: line 1: `[场景4] 300 轮 x 3000 键(reset ‖ apply,默认 GIL 切换间隔 0.005s):provenance 残缺 0 轮,粘滞 0 轮,最少剩 3000/30	[场景4] 300 轮 x 3000 键(reset ‖ apply,默认 GIL 切换间隔 0.005s):provenance 残缺 0 轮,粘滞 0 轮,最少剩 3000/3000
notes/r9a-h-r8d-c-env-loader-lock.md	OTHER	bash: -c: line 5: `=== Summary: 4 files, 124 tests passed, 0 failed (100% complete) in 3.1s (8 workers) ==='	cd /home/user/hermes-agent && HERMES_PYTHON=/home/user/hermes-venv/bin/python \ bash scripts/run_tests.sh tests/test_env_loader_secret_sources.py \ te
notes/r9a-raw-curator.md	B-deadpath	grep: agent/curator_backup.py: No such file or directory	# 在 /home/user/hermes-agent 下重跑,应得到与本文一致的结果 grep -c "curator\|skills/\|\.usage\.json\|hermes_home" agent/insights.py # → 0 grep -n "hermes_state\|Sess
notes/r9a-raw-egress.md	OTHER	bash: -c: line 6: `550:    req = urllib.request.Request(url, headers={"User-Agent": "hermes-agent"})'	# 搜索面:本模块内所有网络相关调用点(实跑输出,逐字粘贴) $ cd /home/user/hermes-agent $ grep -nE "socket\.|urllib\.request\.|http\.client|asyncio|aiohttp|requests\." \ agent/pr
notes/r9a-raw-egress.md	B-deadpath	bash: line 20: ./website/sidebars.ts: No such file or directory	$ cd /home/user/hermes-agent # (A) 谁 import 了这个包 —— 全仓 *.py,排除包自身 $ grep -rn "proxy_sources" --include=*.py . | grep -v '^\./agent/proxy_sources/' ./h
notes/r9a-raw-egress.md	OTHER	bash: -c: line 3: `459:            logger.warning("iron-proxy auto-install failed: %s", exc)'	$ cd /home/user/hermes-agent $ grep -nE "logger\.(debug|info|warning|error)" agent/proxy_sources/iron_proxy.py 459: logger.warning("iron-proxy auto-in
notes/r9a-raw-egress.md	A-spliced	bash: line 8: MISSING: command not found	$ PYTHONDONTWRITEBYTECODE=1 PYTHONPATH=/home/user/hermes-agent \ /home/user/hermes-venv/bin/python -c " from agent.proxy_sources import iron_proxy as 
notes/r9a-raw-egress.md	E-runtime	bash: -c: line 14: `OverflowError: bind(): port must be 0-65535'	$ PYTHONDONTWRITEBYTECODE=1 PYTHONPATH=/home/user/hermes-agent \ /home/user/hermes-venv/bin/python -c " from pathlib import Path from agent.proxy_sour
notes/r9a-raw-research-pipeline.md	E-runtime	IndentationError: unexpected indent	cd /home/user/hermes-agent && PYTHONPATH=. python3 -c " import inspect, batch_runner ps = list(inspect.signature(batch_runner.main).parameters) print(
notes/r9a-raw-skills-agent-side.md	E-runtime	KeyError: 'content'	cd /home/user/hermes-agent && HERMES_HOME=$SC/h4 /home/user/hermes-venv/bin/python - <<'PY' import sys, json, os; sys.path.insert(0,'.') from pathlib 
notes/r9a-raw-skills-agent-side.md	E-runtime	TypeError: cannot unpack non-iterable NoneType object	cd /home/user/hermes-agent && HERMES_HOME=$SC/h5 /home/user/hermes-venv/bin/python - <<'PY' import sys; sys.path.insert(0,'.') from agent.skill_comman
notes/r9a-raw-skills-sync.md	E-runtime	IndentationError: unexpected indent	cd /home/user/hermes-agent && /home/user/hermes-venv/bin/python -c " import sys; sys.path.insert(0,'.') from hermes_cli.config import _KNOWN_ROOT_KEYS
notes/r9a-raw-verification.md	OTHER	bash: -c: line 4: `./agent/verification_evidence.py:526:def mark_workspace_edited('	$ grep -rn "mark_workspace_edited" --include='*.py' . | wc -l 10 $ grep -rn "mark_workspace_edited" --include='*.py' . | grep -v '^\./tests/' ./agent/
notes/r9a-raw-verification.md	A-spliced	bash: line 15: nudge:: command not found	$ cd /home/user/hermes-agent && /home/user/hermes-venv/bin/python - <<'PY' ... (同上建 Node 工程 p) ... from agent.verification_evidence import mark_worksp
notes/r9a-raw-verification.md	A-spliced	bash: line 8: nudge: command not found	$ cd /home/user/hermes-agent && /home/user/hermes-venv/bin/python - <<'PY' ... (建 p,package.json 内容为 "{}" —— 无 scripts) ... s = pathlib.Path(tempfile.
notes/r9b-raw-video.md	OTHER	WARNING: Package(s) not found: fal-client	/home/user/hermes-venv/bin/pip show fal-client
reports/round-8-fix-review-1.md	B-deadpath	bash: line 7: ./hermes_cli/credential_lifecycle.py:174: No such file or directory	$ grep -rn "atomic_yaml_write(config_path\|atomic_yaml_write(get_config_path" --include=*.py . | grep -v "^./tests/" ./hermes_cli/auth.py:7329 ./herme
readonly_unpaired=593 exit0=510 silent_exit1=28 bad=55 skipped_mutating=156
bad_by_kind=A-spliced=7 B-deadpath=23 E-runtime=8 OTHER=17
baseline_porcelain_changed=False
